Ubigeo;Departamento;Provincia;Distrito;Población
010202;AMAZONAS;BAGUA;ARAMANGO; 10 149
010201;AMAZONAS;BAGUA;BAGUA ; 29 905
010203;AMAZONAS;BAGUA;COPALLÍN; 4 660
010204;AMAZONAS;BAGUA;EL PARCO; 1 287
010205;AMAZONAS;BAGUA;IMAZA; 32 136
010206;AMAZONAS;BAGUA;LA PECA ; 6 535
010302;AMAZONAS;BONGARÁ;CHISQUILLA;  319
010303;AMAZONAS;BONGARÁ;CHURUJA;  301
010304;AMAZONAS;BONGARÁ;COROSHA;  825
010305;AMAZONAS;BONGARÁ;CUISPES;  684
010306;AMAZONAS;BONGARÁ;FLORIDA; 6 397
010307;AMAZONAS;BONGARÁ;JAZÁN; 7 931
010301;AMAZONAS;BONGARÁ;JUMBILLA; 1 332
010308;AMAZONAS;BONGARÁ;RECTA;  218
010309;AMAZONAS;BONGARÁ;SAN CARLOS;  551
010310;AMAZONAS;BONGARÁ;SHIPASBAMBA; 1 678
010311;AMAZONAS;BONGARÁ;VALERA;  837
010312;AMAZONAS;BONGARÁ;YAMBRASBAMBA; 5 757
010102;AMAZONAS;CHACHAPOYAS;ASUNCIÓN;  278
010103;AMAZONAS;CHACHAPOYAS;BALSAS; 1 180
010101;AMAZONAS;CHACHAPOYAS;CHACHAPOYAS; 39 051
010104;AMAZONAS;CHACHAPOYAS;CHETO;  702
010105;AMAZONAS;CHACHAPOYAS;CHILIQUÍN;  589
010106;AMAZONAS;CHACHAPOYAS;CHUQUIBAMBA; 1 933
010107;AMAZONAS;CHACHAPOYAS;GRANADA;  539
010108;AMAZONAS;CHACHAPOYAS;HUANCAS; 1 456
010109;AMAZONAS;CHACHAPOYAS;LA JALCA; 3 966
010110;AMAZONAS;CHACHAPOYAS;LEIMEBAMBA; 3 815
010111;AMAZONAS;CHACHAPOYAS;LEVANTO;  803
010112;AMAZONAS;CHACHAPOYAS;MAGDALENA;  911
010113;AMAZONAS;CHACHAPOYAS;MARISCAL CASTILLA; 1 534
010114;AMAZONAS;CHACHAPOYAS;MOLINOPAMPA; 2 266
010115;AMAZONAS;CHACHAPOYAS;MONTEVIDEO;  487
010116;AMAZONAS;CHACHAPOYAS;OLLEROS;  435
010117;AMAZONAS;CHACHAPOYAS;QUINJALCA;  792
010118;AMAZONAS;CHACHAPOYAS;SAN FRANCISCO DE DAGUAS;  323
010119;AMAZONAS;CHACHAPOYAS;SAN ISIDRO DE MAINO;  590
010120;AMAZONAS;CHACHAPOYAS;SOLOCO; 1 261
010121;AMAZONAS;CHACHAPOYAS;SONCHE;  277
010402;AMAZONAS;CONDORCANQUI;EL CENEPA ; 12 537
010401;AMAZONAS;CONDORCANQUI;NIEVA ; 20 847
010403;AMAZONAS;CONDORCANQUI;RÍO SANTIAGO; 17 960
010502;AMAZONAS;LUYA;CAMPORREDONDO; 7 515
010503;AMAZONAS;LUYA;COCABAMBA; 2 045
010504;AMAZONAS;LUYA;COLCAMAR; 1 933
010505;AMAZONAS;LUYA;CONILA; 1 923
010506;AMAZONAS;LUYA;INGUILPATA;  486
010501;AMAZONAS;LUYA;LAMUD; 2 375
010507;AMAZONAS;LUYA;LONGUITA;  883
010508;AMAZONAS;LUYA;LONYA CHICO;  858
010509;AMAZONAS;LUYA;LUYA; 4 118
010510;AMAZONAS;LUYA;LUYA VIEJO;  405
010511;AMAZONAS;LUYA;MARÍA;  776
010512;AMAZONAS;LUYA;OCALLI; 3 950
010513;AMAZONAS;LUYA;OCUMAL; 3 712
010514;AMAZONAS;LUYA;PISUQUIA; 5 075
010515;AMAZONAS;LUYA;PROVIDENCIA; 1 389
010516;AMAZONAS;LUYA;SAN CRISTÓBAL;  550
010517;AMAZONAS;LUYA;SAN FRANCISCO DEL YESO;  732
010518;AMAZONAS;LUYA;SAN JERONIMO;  621
010519;AMAZONAS;LUYA;SAN JUAN DE LOPECANCHA;  434
010520;AMAZONAS;LUYA;SANTA CATALINA; 2 145
010521;AMAZONAS;LUYA;SANTO TOMÁS; 3 070
010522;AMAZONAS;LUYA;TINGO; 1 375
010523;AMAZONAS;LUYA;TRITA; 1 457
010602;AMAZONAS;RODRIGUEZ DE MENDOZA;CHIRIMOTO; 2 877
010603;AMAZONAS;RODRIGUEZ DE MENDOZA;COCHAMAL;  636
010604;AMAZONAS;RODRIGUEZ DE MENDOZA;HUAMBO; 2 664
010605;AMAZONAS;RODRIGUEZ DE MENDOZA;LIMABAMBA; 2 431
010606;AMAZONAS;RODRIGUEZ DE MENDOZA;LONGAR; 1 673
010607;AMAZONAS;RODRIGUEZ DE MENDOZA;MARISCAL BENAVIDES; 1 559
010608;AMAZONAS;RODRIGUEZ DE MENDOZA;MILPUC;  419
010609;AMAZONAS;RODRIGUEZ DE MENDOZA;OMIA; 10 028
010601;AMAZONAS;RODRIGUEZ DE MENDOZA;SAN NICOLÁS; 6 499
010610;AMAZONAS;RODRIGUEZ DE MENDOZA;SANTA ROSA;  529
010611;AMAZONAS;RODRIGUEZ DE MENDOZA;TOTORA;  288
010612;AMAZONAS;RODRIGUEZ DE MENDOZA;VISTA ALEGRE; 4 048
010701;AMAZONAS;UTCUBAMBA;BAGUA GRANDE; 57 746
010702;AMAZONAS;UTCUBAMBA;CAJARURO ; 24 525
010703;AMAZONAS;UTCUBAMBA;CUMBA; 8 760
010704;AMAZONAS;UTCUBAMBA;EL MILAGRO; 6 503
010705;AMAZONAS;UTCUBAMBA;JAMALCA; 7 215
010706;AMAZONAS;UTCUBAMBA;LONYA GRANDE; 11 300
010707;AMAZONAS;UTCUBAMBA;YAMÓN; 3 245
020201;ÁNCASH;AIJA;AIJA; 2 182
020202;ÁNCASH;AIJA;CORIS; 1 649
020203;ÁNCASH;AIJA;HUACLLAN;  358
020204;ÁNCASH;AIJA;LA MERCED; 1 517
020205;ÁNCASH;AIJA;SUCCHA;  727
020302;ÁNCASH;ANTONIO RAYMONDI;ACZO; 1 958
020303;ÁNCASH;ANTONIO RAYMONDI;CHACCHO; 1 346
020304;ÁNCASH;ANTONIO RAYMONDI;CHINGAS; 1 946
020301;ÁNCASH;ANTONIO RAYMONDI;LLAMELLÍN; 3 413
020305;ÁNCASH;ANTONIO RAYMONDI;MIRGAS; 4 135
020306;ÁNCASH;ANTONIO RAYMONDI;SAN JUAN DE RONTOY; 1 152
020402;ÁNCASH;ASUNCION;ACOCHACA; 2 923
020401;ÁNCASH;ASUNCION;CHACAS; 4 787
020502;ÁNCASH;BOLOGNESI;ABELARDO PARDO LEZAMETA;  215
020503;ÁNCASH;BOLOGNESI;ANTONIO RAYMONDI; 1 020
020504;ÁNCASH;BOLOGNESI;AQUIA; 2 079
020505;ÁNCASH;BOLOGNESI;CAJACAY; 1 868
020506;ÁNCASH;BOLOGNESI;CANIS;  279
020501;ÁNCASH;BOLOGNESI;CHIQUIÁN; 4 087
020507;ÁNCASH;BOLOGNESI;COLQUIOC; 2 348
020508;ÁNCASH;BOLOGNESI;HUALLANCA; 6 473
020509;ÁNCASH;BOLOGNESI;HUASTA; 1 341
020510;ÁNCASH;BOLOGNESI;HUAYLLACAYÁN; 1 365
020511;ÁNCASH;BOLOGNESI;LA PRIMAVERA;  444
020512;ÁNCASH;BOLOGNESI;MANGAS;  515
020513;ÁNCASH;BOLOGNESI;PACLLÓN;  874
020514;ÁNCASH;BOLOGNESI;SAN MIGUEL DE CORPANQUI;  471
020515;ÁNCASH;BOLOGNESI;TICLLOS;  633
020602;ÁNCASH;CARHUAZ;ACOPAMPA; 2 794
020603;ÁNCASH;CARHUAZ;AMASHCA; 1 520
020604;ÁNCASH;CARHUAZ;ANTA; 2 598
020605;ÁNCASH;CARHUAZ;ATAQUERO; 1 617
020601;ÁNCASH;CARHUAZ;CARHUAZ; 16 675
020606;ÁNCASH;CARHUAZ;MARCARÁ; 10 782
020607;ÁNCASH;CARHUAZ;PARIAHUANCA; 1 455
020608;ÁNCASH;CARHUAZ;SAN MIGUEL DE ACO; 2 502
020609;ÁNCASH;CARHUAZ;SHILLA; 2 915
020610;ÁNCASH;CARHUAZ;TINCO; 3 861
020611;ÁNCASH;CARHUAZ;YUNGAR; 3 288
020701;ÁNCASH;CARLOS F. FITZCARRALD;SAN LUIS; 11 083
020702;ÁNCASH;CARLOS F. FITZCARRALD;SAN NICOLÁS; 3 233
020703;ÁNCASH;CARLOS F. FITZCARRALD;YAUYA; 4 180
020802;ÁNCASH;CASMA;BUENA VISTA ALTA; 5 413
020801;ÁNCASH;CASMA;CASMA; 40 363
020803;ÁNCASH;CASMA;COMANDANTE NOEL; 2 340
020804;ÁNCASH;CASMA;YAUTÁN; 9 140
020902;ÁNCASH;CORONGO;ACO;  380
020903;ÁNCASH;CORONGO;BAMBAS;  481
020901;ÁNCASH;CORONGO;CORONGO; 1 790
020904;ÁNCASH;CORONGO;CUSCA; 2 881
020905;ÁNCASH;CORONGO;LA PAMPA; 1 078
020906;ÁNCASH;CORONGO;YÁNAC;  666
020907;ÁNCASH;CORONGO;YUPÁN;  741
020102;ÁNCASH;HUARAZ;COCHABAMBA; 1 698
020103;ÁNCASH;HUARAZ;COLCABAMBA;  274
020104;ÁNCASH;HUARAZ;HUANCHAY; 1 652
020101;ÁNCASH;HUARAZ;HUARAZ; 68 466
020105;ÁNCASH;HUARAZ;INDEPENDENCIA; 87 112
020106;ÁNCASH;HUARAZ;JANGAS; 5 206
020107;ÁNCASH;HUARAZ;LA LIBERTAD; 1 110
020108;ÁNCASH;HUARAZ;OLLEROS; 2 507
020109;ÁNCASH;HUARAZ;PAMPAS;  998
020110;ÁNCASH;HUARAZ;PARIACOTO; 5 235
020111;ÁNCASH;HUARAZ;PIRA; 3 489
020112;ÁNCASH;HUARAZ;TARICA; 7 529
021002;ÁNCASH;HUARI;ANRA; 1 414
021003;ÁNCASH;HUARI;CAJAY; 2 661
021004;ÁNCASH;HUARI;CHAVÍN DE HUÁNTAR; 8 462
021005;ÁNCASH;HUARI;HUACACHI; 1 841
021006;ÁNCASH;HUARI;HUACCHIS; 1 401
021007;ÁNCASH;HUARI;HUACHIS; 3 589
021008;ÁNCASH;HUARI;HUANTAR; 2 746
021001;ÁNCASH;HUARI;HUARI; 9 803
021009;ÁNCASH;HUARI;MASIN; 1 360
021010;ÁNCASH;HUARI;PAUCAS; 1 565
021011;ÁNCASH;HUARI;PONTO; 2 725
021012;ÁNCASH;HUARI;RAHUAPAMPA;  751
021013;ÁNCASH;HUARI;RAPAYAN; 1 461
021014;ÁNCASH;HUARI;SAN MARCOS; 19 498
021015;ÁNCASH;HUARI;SAN PEDRO DE CHANA; 2 694
021016;ÁNCASH;HUARI;UCO; 1 293
021102;ÁNCASH;HUARMEY;COCHAPETI;  814
021103;ÁNCASH;HUARMEY;CULEBRAS; 3 405
021101;ÁNCASH;HUARMEY;HUARMEY; 27 123
021104;ÁNCASH;HUARMEY;HUAYAN;  961
021105;ÁNCASH;HUARMEY;MALVAS;  763
021201;ÁNCASH;HUAYLAS;CARAZ; 26 949
021202;ÁNCASH;HUAYLAS;HUALLANCA; 1 110
021203;ÁNCASH;HUAYLAS;HUATA; 1 394
021204;ÁNCASH;HUAYLAS;HUAYLAS; 1 697
021205;ÁNCASH;HUAYLAS;MATO; 1 967
021206;ÁNCASH;HUAYLAS;PAMPAROMÁS; 8 577
021207;ÁNCASH;HUAYLAS;PUEBLO LIBRE; 6 990
021208;ÁNCASH;HUAYLAS;SANTA CRUZ; 4 588
021209;ÁNCASH;HUAYLAS;SANTO TORIBIO; 1 092
021210;ÁNCASH;HUAYLAS;YURACMARCA; 2 193
021302;ÁNCASH;MARISCAL LUZURIAGA;CASCA; 4 015
021303;ÁNCASH;MARISCAL LUZURIAGA;ELEAZAR GUZMÁN BARRÓN; 1 421
021304;ÁNCASH;MARISCAL LUZURIAGA;FIDEL OLIVAS ESCUDERO; 1 993
021305;ÁNCASH;MARISCAL LUZURIAGA;LLAMA; 1 015
021306;ÁNCASH;MARISCAL LUZURIAGA;LLUMPA; 6 315
021307;ÁNCASH;MARISCAL LUZURIAGA;LUCMA; 2 870
021308;ÁNCASH;MARISCAL LUZURIAGA;MUSGA; 1 036
021301;ÁNCASH;MARISCAL LUZURIAGA;PISCOBAMBA; 3 122
021402;ÁNCASH;OCROS;ACAS;  676
021403;ÁNCASH;OCROS;CAJAMARQUILLA;  297
021404;ÁNCASH;OCROS;CARHUAPAMPA;  447
021405;ÁNCASH;OCROS;COCHAS; 1 566
021406;ÁNCASH;OCROS;CONGAS; 1 313
021407;ÁNCASH;OCROS;LLIPA;  233
021401;ÁNCASH;OCROS;OCROS; 1 259
021408;ÁNCASH;OCROS;SAN CRISTÓBAL RAJÁN;  437
021409;ÁNCASH;OCROS;SAN PEDRO;  544
021410;ÁNCASH;OCROS;SANTIAGO DE CHILCAS;  452
021502;ÁNCASH;PALLASCA;BOLOGNESI; 1 017
021501;ÁNCASH;PALLASCA;CABANA; 2 588
021503;ÁNCASH;PALLASCA;CONCHUCOS; 7 850
021504;ÁNCASH;PALLASCA;HUACASCHUQUE;  532
021505;ÁNCASH;PALLASCA;HUANDOVAL; 1 082
021506;ÁNCASH;PALLASCA;LACABAMBA;  517
021507;ÁNCASH;PALLASCA;LLAPO;  624
021508;ÁNCASH;PALLASCA;PALLASCA; 2 517
021509;ÁNCASH;PALLASCA;PAMPAS; 3 697
021510;ÁNCASH;PALLASCA;SANTA ROSA; 1 147
021511;ÁNCASH;PALLASCA;TAUCA; 2 800
021602;ÁNCASH;POMABAMBA;HUAYLLÁN; 3 051
021603;ÁNCASH;POMABAMBA;PAROBAMBA; 6 369
021601;ÁNCASH;POMABAMBA;POMABAMBA; 14 933
021604;ÁNCASH;POMABAMBA;QUINUABAMBA; 2 322
021702;ÁNCASH;RECUAY;CÁTAC; 4 060
021703;ÁNCASH;RECUAY;COTAPARACO;  394
021704;ÁNCASH;RECUAY;HUAYLLAPAMPA;  580
021705;ÁNCASH;RECUAY;LLACLLIN;  855
021706;ÁNCASH;RECUAY;MARCA; 1 924
021707;ÁNCASH;RECUAY;PAMPAS CHICO;  854
021708;ÁNCASH;RECUAY;PARARIN; 1 716
021701;ÁNCASH;RECUAY;RECUAY; 4 527
021709;ÁNCASH;RECUAY;TAPACOCHA;  432
021710;ÁNCASH;RECUAY;TICAPAMPA; 2 743
021802;ÁNCASH;SANTA;CÁCERES DEL PERÚ; 4 816
021801;ÁNCASH;SANTA;CHIMBOTE; 216 776
021803;ÁNCASH;SANTA;COISHCO; 17 491
021804;ÁNCASH;SANTA;MACATE; 3 275
021805;ÁNCASH;SANTA;MORO; 8 683
021806;ÁNCASH;SANTA;NEPEÑA; 14 846
021809;ÁNCASH;SANTA;NUEVO CHIMBOTE; 180 252
021807;ÁNCASH;SANTA;SAMANCO; 5 225
021808;ÁNCASH;SANTA;SANTA; 22 689
021902;ÁNCASH;SIHUAS;ACOBAMBA; 1 647
021903;ÁNCASH;SIHUAS;ALFONSO UGARTE;  514
021904;ÁNCASH;SIHUAS;CASHAPAMPA; 2 945
021905;ÁNCASH;SIHUAS;CHINGALPO;  916
021906;ÁNCASH;SIHUAS;HUAYLLABAMBA; 3 701
021907;ÁNCASH;SIHUAS;QUICHES; 2 400
021908;ÁNCASH;SIHUAS;RAGASH; 2 404
021909;ÁNCASH;SIHUAS;SAN JUAN; 6 914
021910;ÁNCASH;SIHUAS;SICSIBAMBA; 1 502
021901;ÁNCASH;SIHUAS;SIHUAS; 5 687
022002;ÁNCASH;YUNGAY;CASCAPARA; 1 698
022003;ÁNCASH;YUNGAY;MANCOS; 6 881
022004;ÁNCASH;YUNGAY;MATACOTO; 1 522
022005;ÁNCASH;YUNGAY;QUILLO; 13 137
022006;ÁNCASH;YUNGAY;RANRAHIRCA; 2 964
022007;ÁNCASH;YUNGAY;SHUPLUY; 1 904
022008;ÁNCASH;YUNGAY;YANAMA; 5 361
022001;ÁNCASH;YUNGAY;YUNGAY; 22 302
030101;APURÍMAC;ABANCAY;ABANCAY; 76 639
030102;APURÍMAC;ABANCAY;CHACOCHE; 1 437
030103;APURÍMAC;ABANCAY;CIRCA; 1 836
030104;APURÍMAC;ABANCAY;CURAHUASI; 17 064
030105;APURÍMAC;ABANCAY;HUANIPACA; 2 778
030106;APURÍMAC;ABANCAY;LAMBRAMA; 2 813
030107;APURÍMAC;ABANCAY;PICHIRHUA; 2 673
030108;APURÍMAC;ABANCAY;SAN PEDRO DE CACHORA; 2 490
030109;APURÍMAC;ABANCAY;TAMBURCO; 12 386
030201;APURÍMAC;ANDAHUAYLAS;ANDAHUAYLAS  ; 46 035
030202;APURÍMAC;ANDAHUAYLAS;ANDARAPA; 5 565
030203;APURÍMAC;ANDAHUAYLAS;CHIARA; 1 209
030204;APURÍMAC;ANDAHUAYLAS;HUANCARAMA; 5 070
030205;APURÍMAC;ANDAHUAYLAS;HUANCARAY; 3 846
030206;APURÍMAC;ANDAHUAYLAS;HUAYANA;  751
030220;APURÍMAC;ANDAHUAYLAS;JOSÉ MARÍA ARGUEDAS  ; 4 596
030219;APURÍMAC;ANDAHUAYLAS;KAQUIABAMBA; 1 748
030207;APURÍMAC;ANDAHUAYLAS;KISHUARA; 6 069
030208;APURÍMAC;ANDAHUAYLAS;PACOBAMBA; 3 334
030209;APURÍMAC;ANDAHUAYLAS;PACUCHA; 8 367
030210;APURÍMAC;ANDAHUAYLAS;PAMPACHIRI; 2 268
030211;APURÍMAC;ANDAHUAYLAS;POMACOCHA;  890
030212;APURÍMAC;ANDAHUAYLAS;SAN ANTONIO DE CACHI; 3 000
030213;APURÍMAC;ANDAHUAYLAS;SAN JERÓNIMO; 22 241
030214;APURÍMAC;ANDAHUAYLAS;SAN MIGUEL DE CHACCRAMPA; 1 650
030215;APURÍMAC;ANDAHUAYLAS;SANTA MARÍA DE CHICMO; 8 570
030216;APURÍMAC;ANDAHUAYLAS;TALAVERA; 19 901
030217;APURÍMAC;ANDAHUAYLAS;TUMAY HUARACA; 1 912
030218;APURÍMAC;ANDAHUAYLAS;TURPO; 3 736
030301;APURÍMAC;ANTABAMBA;ANTABAMBA; 2 860
030302;APURÍMAC;ANTABAMBA;EL ORO;  595
030303;APURÍMAC;ANTABAMBA;HUAQUIRCA; 2 049
030304;APURÍMAC;ANTABAMBA;JUAN ESPINOZA MEDRANO; 1 738
030305;APURÍMAC;ANTABAMBA;OROPESA; 2 369
030306;APURÍMAC;ANTABAMBA;PACHACONAS; 1 079
030307;APURÍMAC;ANTABAMBA;SABAINO; 1 091
030402;APURÍMAC;AYMARAES;CAPAYA;  593
030403;APURÍMAC;AYMARAES;CARAYBAMBA;  919
030401;APURÍMAC;AYMARAES;CHALHUANCA; 5 191
030404;APURÍMAC;AYMARAES;CHAPIMARCA; 1 907
030405;APURÍMAC;AYMARAES;COLCABAMBA;  712
030406;APURÍMAC;AYMARAES;COTARUSE; 2 491
030407;APURÍMAC;AYMARAES;HUAYLLO;  453
030408;APURÍMAC;AYMARAES;JUSTO APU SAHUARAURA;  723
030409;APURÍMAC;AYMARAES;LUCRE; 1 507
030410;APURÍMAC;AYMARAES;POCOHUANCA; 1 041
030411;APURÍMAC;AYMARAES;SAN JUAN DE CHACÑA;  770
030412;APURÍMAC;AYMARAES;SAÑAYCA; 1 118
030413;APURÍMAC;AYMARAES;SORAYA;  736
030414;APURÍMAC;AYMARAES;TAPAIRIHUA; 1 901
030415;APURÍMAC;AYMARAES;TINTAY; 2 255
030416;APURÍMAC;AYMARAES;TORAYA; 1 266
030417;APURÍMAC;AYMARAES;YANACA;  987
030602;APURÍMAC;CHINCHEROS;ANCO-HUALLO; 10 695
030601;APURÍMAC;CHINCHEROS;CHINCHEROS; 5 495
030603;APURÍMAC;CHINCHEROS;COCHARCAS; 1 729
030610;APURÍMAC;CHINCHEROS;EL PORVENIR   ; 1 771
030604;APURÍMAC;CHINCHEROS;HUACCANA  ; 6 711
030611;APURÍMAC;CHINCHEROS;LOS CHANKAS  ; 1 045
030605;APURÍMAC;CHINCHEROS;OCOBAMBA; 7 036
030606;APURÍMAC;CHINCHEROS;ONGOY     ; 2 352
030608;APURÍMAC;CHINCHEROS;RANRACANCHA; 4 158
030609;APURÍMAC;CHINCHEROS;ROCCHACC   ; 2 787
030607;APURÍMAC;CHINCHEROS;URANMARCA; 2 765
030506;APURÍMAC;COTABAMBAS;CHALLHUAHUACHO; 17 772
030502;APURÍMAC;COTABAMBAS;COTABAMBAS; 4 052
030503;APURÍMAC;COTABAMBAS;COYLLURQUI; 6 756
030504;APURÍMAC;COTABAMBAS;HAQUIRA; 9 712
030505;APURÍMAC;COTABAMBAS;MARA; 6 127
030501;APURÍMAC;COTABAMBAS;TAMBOBAMBA; 10 789
030701;APURÍMAC;GRAU;CHUQUIBAMBILLA; 5 255
030714;APURÍMAC;GRAU;CURASCO; 1 241
030702;APURÍMAC;GRAU;CURPAHUASI; 1 967
030703;APURÍMAC;GRAU;GAMARRA; 2 696
030704;APURÍMAC;GRAU;HUAYLLATI; 1 346
030705;APURÍMAC;GRAU;MAMARA;  893
030706;APURÍMAC;GRAU;MICAELA BASTIDAS;  905
030707;APURÍMAC;GRAU;PATAYPAMPA;  794
030708;APURÍMAC;GRAU;PROGRESO; 3 222
030709;APURÍMAC;GRAU;SAN ANTONIO;  271
030710;APURÍMAC;GRAU;SANTA ROSA;  562
030711;APURÍMAC;GRAU;TURPAY;  640
030712;APURÍMAC;GRAU;VILCABAMBA; 1 324
030713;APURÍMAC;GRAU;VIRUNDO;  643
040102;AREQUIPA;AREQUIPA;ALTO SELVA ALEGRE; 88 537
040101;AREQUIPA;AREQUIPA;AREQUIPA; 54 400
040103;AREQUIPA;AREQUIPA;CAYMA; 103 140
040104;AREQUIPA;AREQUIPA;CERRO COLORADO ; 229 142
040105;AREQUIPA;AREQUIPA;CHARACATO; 16 263
040106;AREQUIPA;AREQUIPA;CHIGUATA; 3 112
040107;AREQUIPA;AREQUIPA;JACOBO HUNTER; 51 848
040129;AREQUIPA;AREQUIPA;JOSÉ LUIS BUSTAMANTE Y RIVERO; 82 642
040108;AREQUIPA;AREQUIPA;LA JOYA; 38 103
040109;AREQUIPA;AREQUIPA;MARÍANO MELGAR; 64 442
040110;AREQUIPA;AREQUIPA;MIRAFLORES; 63 632
040111;AREQUIPA;AREQUIPA;MOLLEBAYA; 6 998
040112;AREQUIPA;AREQUIPA;PAUCARPATA; 134 099
040113;AREQUIPA;AREQUIPA;POCSI;  447
040114;AREQUIPA;AREQUIPA;POLOBAYA;  797
040115;AREQUIPA;AREQUIPA;QUEQUEÑA; 6 977
040116;AREQUIPA;AREQUIPA;SABANDIA; 4 544
040117;AREQUIPA;AREQUIPA;SACHACA; 27 038
040118;AREQUIPA;AREQUIPA;SAN JUAN DE SIGUAS;  561
040119;AREQUIPA;AREQUIPA;SAN JUAN DE TARUCANI; 1 299
040120;AREQUIPA;AREQUIPA;SANTA ISABEL DE SIGUAS;  650
040121;AREQUIPA;AREQUIPA;SANTA RITA DE SIGUAS; 7 478
040122;AREQUIPA;AREQUIPA;SOCABAYA; 80 977
040123;AREQUIPA;AREQUIPA;TIABAYA; 17 023
040124;AREQUIPA;AREQUIPA;UCHUMAYO; 16 195
040125;AREQUIPA;AREQUIPA;VITOR  ; 4 506
040126;AREQUIPA;AREQUIPA;YANAHUARA; 26 354
040127;AREQUIPA;AREQUIPA;YARABAMBA; 1 528
040128;AREQUIPA;AREQUIPA;YURA; 43 033
040201;AREQUIPA;CAMANA;CAMANA; 12 677
040202;AREQUIPA;CAMANA;JOSÉ MARÍA QUIMPER; 4 710
040203;AREQUIPA;CAMANA;MARÍANO NICOLÁS VALCARCEL; 8 448
040204;AREQUIPA;CAMANA;MARISCAL CÁCERES; 6 450
040205;AREQUIPA;CAMANA;NICOLÁS DE PIÉROLA; 7 723
040206;AREQUIPA;CAMANA;OCOÑA; 4 040
040207;AREQUIPA;CAMANA;QUILCA; 1 072
040208;AREQUIPA;CAMANA;SAMUEL PASTOR; 16 588
040302;AREQUIPA;CARAVELÍ;ACARI; 5 172
040303;AREQUIPA;CARAVELÍ;ATICO; 5 962
040304;AREQUIPA;CARAVELÍ;ATIQUIPA;  475
040305;AREQUIPA;CARAVELÍ;BELLA UNIÓN; 2 978
040306;AREQUIPA;CARAVELÍ;CAHUACHO;  609
040301;AREQUIPA;CARAVELÍ;CARAVELÍ; 4 227
040307;AREQUIPA;CARAVELÍ;CHALA; 10 368
040308;AREQUIPA;CARAVELÍ;CHAPARRA; 3 613
040309;AREQUIPA;CARAVELÍ;HUANUHUANU; 3 199
040310;AREQUIPA;CARAVELÍ;JAQUI; 1 576
040311;AREQUIPA;CARAVELÍ;LOMAS; 1 580
040312;AREQUIPA;CARAVELÍ;QUICACHA; 1 902
040313;AREQUIPA;CARAVELÍ;YAUCA; 2 029
040402;AREQUIPA;CASTILLA;ANDAGUA; 1 010
040401;AREQUIPA;CASTILLA;APLAO; 8 964
040403;AREQUIPA;CASTILLA;AYO;  230
040404;AREQUIPA;CASTILLA;CHACHAS; 1 643
040405;AREQUIPA;CASTILLA;CHILCAYMARCA; 1 034
040406;AREQUIPA;CASTILLA;CHOCO;  666
040407;AREQUIPA;CASTILLA;HUANCARQUI; 1 586
040408;AREQUIPA;CASTILLA;MACHAGUAY;  457
040409;AREQUIPA;CASTILLA;ORCOPAMPA; 8 557
040410;AREQUIPA;CASTILLA;PAMPACOLCA; 1 862
040411;AREQUIPA;CASTILLA;TIPÁN;  429
040412;AREQUIPA;CASTILLA;UÑÓN;  202
040413;AREQUIPA;CASTILLA;URACA; 6 590
040414;AREQUIPA;CASTILLA;VIRACO; 1 513
040502;AREQUIPA;CAYLLOMA;ACHOMA;  817
040503;AREQUIPA;CAYLLOMA;CABANACONDE; 2 094
040504;AREQUIPA;CAYLLOMA;CALLALLI; 1 357
040505;AREQUIPA;CAYLLOMA;CAYLLOMA; 3 688
040501;AREQUIPA;CAYLLOMA;CHIVAY; 5 889
040506;AREQUIPA;CAYLLOMA;COPORAQUE; 1 126
040507;AREQUIPA;CAYLLOMA;HUAMBO;  660
040508;AREQUIPA;CAYLLOMA;HUANCA;  967
040509;AREQUIPA;CAYLLOMA;ICHUPAMPA;  572
040510;AREQUIPA;CAYLLOMA;LARI;  847
040511;AREQUIPA;CAYLLOMA;LLUTA;  703
040512;AREQUIPA;CAYLLOMA;MACA;  687
040513;AREQUIPA;CAYLLOMA;MADRIGAL;  660
040520;AREQUIPA;CAYLLOMA;MAJES; 70 780
040514;AREQUIPA;CAYLLOMA;SAN ANTONIO DE CHUCA ;  878
040515;AREQUIPA;CAYLLOMA;SIBAYO;  677
040516;AREQUIPA;CAYLLOMA;TAPAY;  817
040517;AREQUIPA;CAYLLOMA;TISCO; 1 483
040518;AREQUIPA;CAYLLOMA;TUTI;  598
040519;AREQUIPA;CAYLLOMA;YANQUE; 2 158
040602;AREQUIPA;CONDESUYOS;ANDARAY;  685
040603;AREQUIPA;CONDESUYOS;CAYARANI; 3 275
040604;AREQUIPA;CONDESUYOS;CHICHAS;  673
040601;AREQUIPA;CONDESUYOS;CHUQUIBAMBA; 3 361
040605;AREQUIPA;CONDESUYOS;IRAY;  599
040606;AREQUIPA;CONDESUYOS;RÍO GRANDE; 3 451
040607;AREQUIPA;CONDESUYOS;SALAMANCA;  419
040608;AREQUIPA;CONDESUYOS;YANAQUIHUA; 3 963
040702;AREQUIPA;ISLAY;COCACHACRA; 8 363
040703;AREQUIPA;ISLAY;DEAN VALDIVIA; 7 129
040704;AREQUIPA;ISLAY;ISLAY; 5 202
040705;AREQUIPA;ISLAY;MEJIA; 1 240
040701;AREQUIPA;ISLAY;MOLLENDO; 26 453
040706;AREQUIPA;ISLAY;PUNTA DE BOMBÓN; 6 464
040802;AREQUIPA;LA UNIÓN;ALCA; 1 851
040803;AREQUIPA;LA UNIÓN;CHARCANA;  586
040801;AREQUIPA;LA UNIÓN;COTAHUASI; 2 981
040804;AREQUIPA;LA UNIÓN;HUAYNACOTAS; 1 867
040805;AREQUIPA;LA UNIÓN;PAMPAMARCA; 1 106
040806;AREQUIPA;LA UNIÓN;PUYCA; 2 346
040807;AREQUIPA;LA UNIÓN;QUECHUALLA;  278
040808;AREQUIPA;LA UNIÓN;SAYLA;  300
040809;AREQUIPA;LA UNIÓN;TAURIA;  313
040810;AREQUIPA;LA UNIÓN;TOMEPAMPA;  658
040811;AREQUIPA;LA UNIÓN;TORO;  511
050201;AYACUCHO;CANGALLO;CANGALLO; 5 842
050202;AYACUCHO;CANGALLO;CHUSCHI; 9 119
050203;AYACUCHO;CANGALLO;LOS MOROCHUCOS; 8 217
050204;AYACUCHO;CANGALLO;MARÍA PARADO DE BELLIDO; 2 026
050205;AYACUCHO;CANGALLO;PARAS; 4 279
050206;AYACUCHO;CANGALLO;TOTOS; 2 999
050102;AYACUCHO;HUAMANGA;ACOCRO; 8 818
050103;AYACUCHO;HUAMANGA;ACOS VINCHOS; 4 964
050116;AYACUCHO;HUAMANGA;ANDRÉS AVELINO CÁCERES DORREGARAY   ; 31 411
050101;AYACUCHO;HUAMANGA;AYACUCHO   ; 111 370
050104;AYACUCHO;HUAMANGA;CARMEN ALTO ; 31 712
050105;AYACUCHO;HUAMANGA;CHIARA; 6 691
050115;AYACUCHO;HUAMANGA;JESÚS NAZARENO; 21 028
050106;AYACUCHO;HUAMANGA;OCROS   ; 6 172
050107;AYACUCHO;HUAMANGA;PACAYCASA; 3 565
050108;AYACUCHO;HUAMANGA;QUINUA; 5 821
050109;AYACUCHO;HUAMANGA;SAN JOSÉ DE TICLLAS; 1 596
050110;AYACUCHO;HUAMANGA;SAN JUAN BAUTISTA; 53 934
050111;AYACUCHO;HUAMANGA;SANTIAGO DE PISCHA; 1 639
050112;AYACUCHO;HUAMANGA;SOCOS; 6 846
050113;AYACUCHO;HUAMANGA;TAMBILLO; 6 001
050114;AYACUCHO;HUAMANGA;VINCHOS; 16 233
050302;AYACUCHO;HUANCA SANCOS;CARAPO; 1 774
050303;AYACUCHO;HUANCA SANCOS;SACSAMARCA; 1 308
050301;AYACUCHO;HUANCA SANCOS;SANCOS; 3 181
050304;AYACUCHO;HUANCA SANCOS;SANTIAGO DE LUCANAMARCA; 2 078
050402;AYACUCHO;HUANTA;AYAHUANCO   ; 1 072
050409;AYACUCHO;HUANTA;CANAYRE  ; 4 384
050412;AYACUCHO;HUANTA;CHACA   ; 2 195
050403;AYACUCHO;HUANTA;HUAMANGUILLA; 4 188
050401;AYACUCHO;HUANTA;HUANTA    ; 43 266
050404;AYACUCHO;HUANTA;IGUAIN; 2 861
050408;AYACUCHO;HUANTA;LLOCHEGUA   ; 11 466
050405;AYACUCHO;HUANTA;LURICOCHA; 6 217
050411;AYACUCHO;HUANTA;PUCACOLPA  ; 2 299
050406;AYACUCHO;HUANTA;SANTILLANA   ; 3 900
050407;AYACUCHO;HUANTA;SIVIA   ; 11 685
050410;AYACUCHO;HUANTA;UCHURACCAY   ; 3 672
050510;AYACUCHO;LA MAR;ANCHIHUAY  ; 4 345
050502;AYACUCHO;LA MAR;ANCO  ; 8 105
050503;AYACUCHO;LA MAR;AYNA; 9 995
050504;AYACUCHO;LA MAR;CHILCAS; 1 558
050505;AYACUCHO;LA MAR;CHUNGUI  ; 4 443
050506;AYACUCHO;LA MAR;LUIS CARRANZA; 1 365
050511;AYACUCHO;LA MAR;ORONCOY  ; 1 071
050509;AYACUCHO;LA MAR;SAMUGARI ; 10 997
050501;AYACUCHO;LA MAR;SAN MIGUEL; 11 410
050507;AYACUCHO;LA MAR;SANTA ROSA; 12 686
050508;AYACUCHO;LA MAR;TAMBO; 9 302
050602;AYACUCHO;LUCANAS;AUCARA; 2 665
050603;AYACUCHO;LUCANAS;CABANA; 1 976
050604;AYACUCHO;LUCANAS;CARMEN SALCEDO; 1 532
050605;AYACUCHO;LUCANAS;CHAVIÑA; 2 296
050606;AYACUCHO;LUCANAS;CHIPAO; 2 443
050607;AYACUCHO;LUCANAS;HUAC-HUAS; 1 550
050608;AYACUCHO;LUCANAS;LARAMATE; 1 676
050609;AYACUCHO;LUCANAS;LEONCIO PRADO; 1 095
050610;AYACUCHO;LUCANAS;LLAUTA;  877
050611;AYACUCHO;LUCANAS;LUCANAS; 2 703
050612;AYACUCHO;LUCANAS;OCAÑA; 2 244
050613;AYACUCHO;LUCANAS;OTOCA; 1 848
050601;AYACUCHO;LUCANAS;PUQUIO; 14 535
050614;AYACUCHO;LUCANAS;SAISA;  848
050615;AYACUCHO;LUCANAS;SAN CRISTÓBAL; 1 823
050616;AYACUCHO;LUCANAS;SAN JUAN;  994
050617;AYACUCHO;LUCANAS;SAN PEDRO; 2 661
050618;AYACUCHO;LUCANAS;SAN PEDRO DE PALCO;  898
050619;AYACUCHO;LUCANAS;SANCOS; 4 869
050620;AYACUCHO;LUCANAS;SANTA ANA DE HUAYCAHUACHO;  850
050621;AYACUCHO;LUCANAS;SANTA LUCÍA; 1 455
050702;AYACUCHO;PARINACOCHAS;CHUMPI; 2 179
050701;AYACUCHO;PARINACOCHAS;CORACORA; 13 549
050703;AYACUCHO;PARINACOCHAS;CORONEL CASTAÑEDA; 1 934
050704;AYACUCHO;PARINACOCHAS;PACAPAUSA;  556
050705;AYACUCHO;PARINACOCHAS;PULLO; 7 191
050706;AYACUCHO;PARINACOCHAS;PUYUSCA; 2 123
050707;AYACUCHO;PARINACOCHAS;SAN FRANCISCO DE RAVACAYCO;  518
050708;AYACUCHO;PARINACOCHAS;UPAHUACHO; 1 089
050802;AYACUCHO;PAUCAR DEL SARA SARA;COLTA;  440
050803;AYACUCHO;PAUCAR DEL SARA SARA;CORCULLA;  445
050804;AYACUCHO;PAUCAR DEL SARA SARA;LAMPA; 1 983
050805;AYACUCHO;PAUCAR DEL SARA SARA;MARCABAMBA;  621
050806;AYACUCHO;PAUCAR DEL SARA SARA;OYOLO; 1 647
050807;AYACUCHO;PAUCAR DEL SARA SARA;PARARCA;  392
050801;AYACUCHO;PAUCAR DEL SARA SARA;PAUSA; 3 376
050808;AYACUCHO;PAUCAR DEL SARA SARA;SAN JAVIER DE ALPABAMBA;  275
050809;AYACUCHO;PAUCAR DEL SARA SARA;SAN JOSÉ DE USHUA;  247
050810;AYACUCHO;PAUCAR DEL SARA SARA;SARA SARA;  483
050902;AYACUCHO;SUCRE;BELÉN;  310
050903;AYACUCHO;SUCRE;CHALCOS;  461
050904;AYACUCHO;SUCRE;CHILCAYOC;  481
050905;AYACUCHO;SUCRE;HUACAÑA;  348
050906;AYACUCHO;SUCRE;MORCOLLA; 1 243
050907;AYACUCHO;SUCRE;PAICO;  517
050901;AYACUCHO;SUCRE;QUEROBAMBA; 2 600
050908;AYACUCHO;SUCRE;SAN PEDRO DE LARCAY;  814
050909;AYACUCHO;SUCRE;SAN SALVADOR DE QUIJE;  936
050910;AYACUCHO;SUCRE;SANTIAGO DE PAUCARAY;  565
050911;AYACUCHO;SUCRE;SORAS; 1 017
051002;AYACUCHO;VICTOR FAJARDO;ALCAMENCA; 1 399
051003;AYACUCHO;VICTOR FAJARDO;APONGO;  565
051004;AYACUCHO;VICTOR FAJARDO;ASQUIPATA;  482
051005;AYACUCHO;VICTOR FAJARDO;CANARIA; 4 027
051006;AYACUCHO;VICTOR FAJARDO;CAYARA; 1 138
051007;AYACUCHO;VICTOR FAJARDO;COLCA; 1 020
051008;AYACUCHO;VICTOR FAJARDO;HUAMANQUIQUIA; 1 107
051001;AYACUCHO;VICTOR FAJARDO;HUANCAPI; 1 878
051009;AYACUCHO;VICTOR FAJARDO;HUANCARAYLLA; 1 241
051010;AYACUCHO;VICTOR FAJARDO;HUAYA; 1 985
051011;AYACUCHO;VICTOR FAJARDO;SARHUA; 2 624
051012;AYACUCHO;VICTOR FAJARDO;VILCANCHOS; 2 400
051102;AYACUCHO;VILCAS HUAMÁN;ACCOMARCA;  851
051103;AYACUCHO;VILCAS HUAMÁN;CARHUANCA;  812
051104;AYACUCHO;VILCAS HUAMÁN;CONCEPCION; 1 558
051105;AYACUCHO;VILCAS HUAMÁN;HUAMBALPA; 1 280
051106;AYACUCHO;VILCAS HUAMÁN;INDEPENDENCIA; 1 095
051107;AYACUCHO;VILCAS HUAMÁN;SAURAMA; 1 042
051101;AYACUCHO;VILCAS HUAMÁN;VILCAS HUAMÁN; 6 513
051108;AYACUCHO;VILCAS HUAMÁN;VISCHONGO; 3 912
060202;CAJAMARCA;CAJABAMBA;CACHACHI; 25 575
060201;CAJAMARCA;CAJABAMBA;CAJABAMBA; 34 231
060203;CAJAMARCA;CAJABAMBA;CONDEBAMBA; 15 319
060204;CAJAMARCA;CAJABAMBA;SITACOCHA; 8 042
060102;CAJAMARCA;CAJAMARCA;ASUNCION; 7 896
060101;CAJAMARCA;CAJAMARCA;CAJAMARCA; 245 137
060103;CAJAMARCA;CAJAMARCA;CHETILLA; 3 863
060104;CAJAMARCA;CAJAMARCA;COSPÁN; 7 159
060105;CAJAMARCA;CAJAMARCA;ENCAÑADA; 20 052
060106;CAJAMARCA;CAJAMARCA;JESÚS; 16 666
060107;CAJAMARCA;CAJAMARCA;LLACANORA; 6 657
060108;CAJAMARCA;CAJAMARCA;LOS BAÑOS DEL INCA; 53 298
060109;CAJAMARCA;CAJAMARCA;MAGDALENA; 8 809
060110;CAJAMARCA;CAJAMARCA;MATARA; 3 793
060111;CAJAMARCA;CAJAMARCA;NAMORA; 10 308
060112;CAJAMARCA;CAJAMARCA;SAN JUAN; 4 532
060301;CAJAMARCA;CELENDÍN;CELENDIN; 29 097
060302;CAJAMARCA;CELENDÍN;CHUMUCH; 2 699
060303;CAJAMARCA;CELENDÍN;CORTEGANA; 7 343
060304;CAJAMARCA;CELENDÍN;HUASMIN; 10 885
060305;CAJAMARCA;CELENDÍN;JORGE CHÁVEZ;  461
060306;CAJAMARCA;CELENDÍN;JOSÉ GÁLVEZ; 2 751
060312;CAJAMARCA;CELENDÍN;LA LIBERTAD DE PALLÁN; 6 884
060307;CAJAMARCA;CELENDÍN;MIGUEL IGLESIAS; 3 922
060308;CAJAMARCA;CELENDÍN;OXAMARCA; 5 824
060309;CAJAMARCA;CELENDÍN;SOROCHUCO; 7 514
060310;CAJAMARCA;CELENDÍN;SUCRE; 5 455
060311;CAJAMARCA;CELENDÍN;UTCO; 1 081
060402;CAJAMARCA;CHOTA;ANGUIA; 3 216
060403;CAJAMARCA;CHOTA;CHADIN; 3 632
060419;CAJAMARCA;CHOTA;CHALAMARCA; 9 670
060404;CAJAMARCA;CHOTA;CHIGUIRIP; 3 628
060405;CAJAMARCA;CHOTA;CHIMBAN; 2 201
060406;CAJAMARCA;CHOTA;CHOROPAMPA; 2 311
060401;CAJAMARCA;CHOTA;CHOTA; 51 231
060407;CAJAMARCA;CHOTA;COCHABAMBA; 5 832
060408;CAJAMARCA;CHOTA;CONCHAN; 5 944
060409;CAJAMARCA;CHOTA;HUAMBOS; 8 584
060410;CAJAMARCA;CHOTA;LAJAS; 11 586
060411;CAJAMARCA;CHOTA;LLAMA; 7 385
060412;CAJAMARCA;CHOTA;MIRACOSTA; 3 300
060413;CAJAMARCA;CHOTA;PACCHA; 4 621
060414;CAJAMARCA;CHOTA;PION; 1 222
060415;CAJAMARCA;CHOTA;QUEROCOTO; 8 826
060416;CAJAMARCA;CHOTA;SAN JUAN DE LICUPIS;  977
060417;CAJAMARCA;CHOTA;TACABAMBA; 16 668
060418;CAJAMARCA;CHOTA;TOCMOCHE;  880
060502;CAJAMARCA;CONTUMAZÁ;CHILETE; 2 752
060501;CAJAMARCA;CONTUMAZÁ;CONTUMAZÁ; 8 061
060503;CAJAMARCA;CONTUMAZÁ;CUPISNIQUE; 1 402
060504;CAJAMARCA;CONTUMAZÁ;GUZMANGO; 2 845
060505;CAJAMARCA;CONTUMAZÁ;SAN BENITO; 3 607
060506;CAJAMARCA;CONTUMAZÁ;SANTA CRUZ DE TOLED; 1 047
060507;CAJAMARCA;CONTUMAZÁ;TANTARICA; 2 650
060508;CAJAMARCA;CONTUMAZÁ;YONÁN; 6 993
060602;CAJAMARCA;CUTERVO;CALLAYUC; 9 627
060603;CAJAMARCA;CUTERVO;CHOROS; 3 286
060604;CAJAMARCA;CUTERVO;CUJILLO; 2 569
060601;CAJAMARCA;CUTERVO;CUTERVO; 51 272
060605;CAJAMARCA;CUTERVO;LA RAMADA; 3 977
060606;CAJAMARCA;CUTERVO;PIMPINGOS; 5 121
060607;CAJAMARCA;CUTERVO;QUEROCOTILLO; 13 416
060608;CAJAMARCA;CUTERVO;SAN ANDRÉS DE CUTERVO; 4 276
060609;CAJAMARCA;CUTERVO;SAN JUAN DE CUTERVO; 1 856
060610;CAJAMARCA;CUTERVO;SAN LUIS DE LUCMA; 2 999
060611;CAJAMARCA;CUTERVO;SANTA CRUZ; 2 671
060612;CAJAMARCA;CUTERVO;SANTO DOMINGO DE LA CAPILLA; 5 015
060613;CAJAMARCA;CUTERVO;SANTO TOMAS; 7 603
060614;CAJAMARCA;CUTERVO;SOCOTA; 9 156
060615;CAJAMARCA;CUTERVO;TORIBIO CASANOVA; 1 104
060701;CAJAMARCA;HUALGAYOC;BAMBAMARCA; 64 702
060702;CAJAMARCA;HUALGAYOC;CHUGUR; 2 959
060703;CAJAMARCA;HUALGAYOC;HUALGAYOC; 16 252
060802;CAJAMARCA;JAEN;BELLAVISTA; 16 370
060803;CAJAMARCA;JAEN;CHONTALI; 10 391
060804;CAJAMARCA;JAEN;COLASAY; 10 567
060805;CAJAMARCA;JAEN;HUABAL; 8 989
060801;CAJAMARCA;JAEN;JAÉN; 106 009
060806;CAJAMARCA;JAEN;LAS PIRIAS; 4 643
060807;CAJAMARCA;JAEN;POMAHUACA; 9 245
060808;CAJAMARCA;JAEN;PUCARÁ; 6 850
060809;CAJAMARCA;JAEN;SALLIQUE; 7 509
060810;CAJAMARCA;JAEN;SAN FELIPE; 4 740
060811;CAJAMARCA;JAEN;SAN JOSÉ DEL ALTO; 8 050
060812;CAJAMARCA;JAEN;SANTA ROSA; 10 361
060902;CAJAMARCA;SAN IGNACIO;CHIRINOS; 15 974
060903;CAJAMARCA;SAN IGNACIO;HUARANGO; 18 607
060904;CAJAMARCA;SAN IGNACIO;LA COIPA; 21 229
060905;CAJAMARCA;SAN IGNACIO;NAMBALLE; 9 945
060901;CAJAMARCA;SAN IGNACIO;SAN IGNACIO; 40 171
060906;CAJAMARCA;SAN IGNACIO;SAN JOSÉ DE LOURDES; 19 890
060907;CAJAMARCA;SAN IGNACIO;TABACONAS; 19 954
061002;CAJAMARCA;SAN MARCOS;CHANCAY; 3 069
061003;CAJAMARCA;SAN MARCOS;EDUARDO VILLANUEVA; 3 039
061004;CAJAMARCA;SAN MARCOS;GREGORIO PITA; 5 150
061005;CAJAMARCA;SAN MARCOS;ICHOCAN; 1 971
061006;CAJAMARCA;SAN MARCOS;JOSÉ MANUEL QUIROZ; 3 627
061007;CAJAMARCA;SAN MARCOS;JOSÉ SABOGAL; 13 137
061001;CAJAMARCA;SAN MARCOS;PEDRO GALVEZ; 21 685
061102;CAJAMARCA;SAN MIGUEL;BOLÍVAR; 1 310
061103;CAJAMARCA;SAN MIGUEL;CALQUIS; 4 281
061104;CAJAMARCA;SAN MIGUEL;CATILLUC; 2 813
061105;CAJAMARCA;SAN MIGUEL;EL PRADO; 1 657
061106;CAJAMARCA;SAN MIGUEL;LA FLORIDA; 2 165
061107;CAJAMARCA;SAN MIGUEL;LLAPA; 4 563
061108;CAJAMARCA;SAN MIGUEL;NANCHOC; 1 370
061109;CAJAMARCA;SAN MIGUEL;NIEPOS; 3 276
061110;CAJAMARCA;SAN MIGUEL;SAN GREGORIO; 2 274
061101;CAJAMARCA;SAN MIGUEL;SAN MIGUEL; 14 036
061111;CAJAMARCA;SAN MIGUEL;SAN SILVESTRE DE COCHÁN; 3 711
061112;CAJAMARCA;SAN MIGUEL;TONGOD; 2 530
061113;CAJAMARCA;SAN MIGUEL;UNIÓN AGUA BLANCA; 3 128
061202;CAJAMARCA;SAN PABLO;SAN BERNARDINO; 4 578
061203;CAJAMARCA;SAN PABLO;SAN LUIS;  922
061201;CAJAMARCA;SAN PABLO;SAN PABLO; 13 460
061204;CAJAMARCA;SAN PABLO;TUMBADÉN; 3 678
061302;CAJAMARCA;SANTA CRUZ;ANDABAMBA; 1 311
061303;CAJAMARCA;SANTA CRUZ;CATACHE; 9 870
061304;CAJAMARCA;SANTA CRUZ;CHANCAYBAÑOS; 3 468
061305;CAJAMARCA;SANTA CRUZ;LA ESPERANZA; 2 351
061306;CAJAMARCA;SANTA CRUZ;NINABAMBA; 1 999
061307;CAJAMARCA;SANTA CRUZ;PULÁN; 3 887
061301;CAJAMARCA;SANTA CRUZ;SANTA CRUZ; 9 756
061308;CAJAMARCA;SANTA CRUZ;SAUCEPAMPA; 1 399
061309;CAJAMARCA;SANTA CRUZ;SEXI;  437
061310;CAJAMARCA;SANTA CRUZ;UTICYACU; 1 255
061311;CAJAMARCA;SANTA CRUZ;YAUYUCÁN; 2 869
070102;CALLAO;CALLAO;BELLAVISTA; 80 704
070101;CALLAO;CALLAO;CALLAO; 512 386
070103;CALLAO;CALLAO;CARMEN DE LA LEGUA REYNOSO; 46 409
070104;CALLAO;CALLAO;LA PERLA; 64 454
070105;CALLAO;CALLAO;LA PUNTA; 3 935
070107;CALLAO;CALLAO;MI PERÚ  ; 52 348
070106;CALLAO;CALLAO;VENTANILLA  ; 369 618
080201;CUSCO;ACOMAYO;ACOMAYO; 4 616
080202;CUSCO;ACOMAYO;ACOPIA; 3 048
080203;CUSCO;ACOMAYO;ACOS; 2 350
080204;CUSCO;ACOMAYO;MOSOC LLACTA; 1 069
080205;CUSCO;ACOMAYO;POMACANCHI; 7 598
080206;CUSCO;ACOMAYO;RONDOCÁN; 1 915
080207;CUSCO;ACOMAYO;SANGARARA; 3 404
080302;CUSCO;ANTA;ANCAHUASI; 7 784
080301;CUSCO;ANTA;ANTA; 25 464
080303;CUSCO;ANTA;CACHIMAYO; 2 742
080304;CUSCO;ANTA;CHINCHAYPUJIO; 4 333
080305;CUSCO;ANTA;HUAROCONDO; 4 634
080306;CUSCO;ANTA;LIMATAMBO; 7 754
080307;CUSCO;ANTA;MOLLEPATA; 3 496
080308;CUSCO;ANTA;PUCYURA; 3 166
080309;CUSCO;ANTA;ZURITE; 3 758
080401;CUSCO;CALCA;CALCA; 23 423
080402;CUSCO;CALCA;COYA; 3 645
080403;CUSCO;CALCA;LAMAY; 5 967
080404;CUSCO;CALCA;LARES; 6 412
080405;CUSCO;CALCA;PISAC; 11 607
080406;CUSCO;CALCA;SAN SALVADOR; 6 175
080407;CUSCO;CALCA;TARAY; 4 880
080408;CUSCO;CALCA;YANATILE; 9 473
080502;CUSCO;CANAS;CHECCA; 5 485
080503;CUSCO;CANAS;KUNTURKANKI; 5 178
080504;CUSCO;CANAS;LANGUI; 2 104
080505;CUSCO;CANAS;LAYO; 5 548
080506;CUSCO;CANAS;PAMPAMARCA; 1 889
080507;CUSCO;CANAS;QUEHUE; 2 660
080508;CUSCO;CANAS;TÚPAC AMARU; 2 620
080501;CUSCO;CANAS;YANAOCA; 9 270
080602;CUSCO;CANCHIS;CHECACUPE; 5 217
080603;CUSCO;CANCHIS;COMBAPATA; 5 026
080604;CUSCO;CANCHIS;MARANGANI; 10 399
080605;CUSCO;CANCHIS;PITUMARCA; 8 366
080606;CUSCO;CANCHIS;SAN PABLO; 4 475
080607;CUSCO;CANCHIS;SAN PEDRO; 2 808
080601;CUSCO;CANCHIS;SICUANI; 64 711
080608;CUSCO;CANCHIS;TINTA; 5 474
080702;CUSCO;CHUMBIVILCAS;CAPACMARCA; 4 119
080703;CUSCO;CHUMBIVILCAS;CHAMACA; 6 503
080704;CUSCO;CHUMBIVILCAS;COLQUEMARCA; 7 110
080705;CUSCO;CHUMBIVILCAS;LIVITACA; 12 798
080706;CUSCO;CHUMBIVILCAS;LLUSCO; 4 322
080707;CUSCO;CHUMBIVILCAS;QUIÑOTA; 4 010
080701;CUSCO;CHUMBIVILCAS;SANTO TOMÁS; 22 809
080708;CUSCO;CHUMBIVILCAS;VELILLE; 8 472
080102;CUSCO;CUSCO;CCORCA; 2 405
080101;CUSCO;CUSCO;CUSCO; 118 127
080103;CUSCO;CUSCO;POROY; 12 333
080104;CUSCO;CUSCO;SAN JERÓNIMO; 70 453
080105;CUSCO;CUSCO;SAN SEBASTIÁN; 134 182
080106;CUSCO;CUSCO;SANTIAGO; 103 817
080107;CUSCO;CUSCO;SAYLLA; 8 338
080108;CUSCO;CUSCO;WANCHAQ; 61 364
080808;CUSCO;ESPINAR;ALTO PICHIGUA; 1 981
080802;CUSCO;ESPINAR;CONDOROMA;  872
080803;CUSCO;ESPINAR;COPORAQUE; 9 824
080801;CUSCO;ESPINAR;ESPINAR; 38 886
080804;CUSCO;ESPINAR;OCORURO;  995
080805;CUSCO;ESPINAR;PALLPATA; 5 111
080806;CUSCO;ESPINAR;PICHIGUA; 2 824
080807;CUSCO;ESPINAR;SUYCKUTAMBO; 1 566
080902;CUSCO;LA CONVENCIÓN;ECHARATE   ; 25 281
080903;CUSCO;LA CONVENCIÓN;HUAYOPATA; 5 487
080911;CUSCO;LA CONVENCIÓN;INKAWASI  ; 5 031
080907;CUSCO;LA CONVENCIÓN;KIMBIRI   ; 19 099
080904;CUSCO;LA CONVENCIÓN;MARANURA; 5 209
080914;CUSCO;LA CONVENCIÓN;MEGANTONI   ; 7 499
080905;CUSCO;LA CONVENCIÓN;OCOBAMBA; 5 985
080910;CUSCO;LA CONVENCIÓN;PICHARI; 27 234
080906;CUSCO;LA CONVENCIÓN;QUELLOUNO; 15 150
080901;CUSCO;LA CONVENCIÓN;SANTA ANA; 29 990
080908;CUSCO;LA CONVENCIÓN;SANTA TERESA; 6 945
080909;CUSCO;LA CONVENCIÓN;VILCABAMBA    ; 10 240
080913;CUSCO;LA CONVENCIÓN;VILLA KINTIARINA  ; 2 369
080912;CUSCO;LA CONVENCIÓN;VILLA VIRGEN  ; 2 391
081002;CUSCO;PARURO;ACCHA; 3 125
081003;CUSCO;PARURO;CCAPI; 3 121
081004;CUSCO;PARURO;COLCHA;  948
081005;CUSCO;PARURO;HUANOQUITE; 5 078
081006;CUSCO;PARURO;OMACHA; 5 842
081007;CUSCO;PARURO;PACCARITAMBO; 2 092
081001;CUSCO;PARURO;PARURO; 3 474
081008;CUSCO;PARURO;PILLPINTO; 1 033
081009;CUSCO;PARURO;YAURISQUE; 1 931
081102;CUSCO;PAUCARTAMBO;CAICAY; 3 050
081103;CUSCO;PAUCARTAMBO;CHALLABAMBA; 9 421
081104;CUSCO;PAUCARTAMBO;COLQUEPATA; 8 915
081105;CUSCO;PAUCARTAMBO;HUANCARANI; 7 866
081106;CUSCO;PAUCARTAMBO;KOSÑIPATA; 4 892
081101;CUSCO;PAUCARTAMBO;PAUCARTAMBO; 13 435
081202;CUSCO;QUISPICANCHI;ANDAHUAYLILLAS; 6 938
081203;CUSCO;QUISPICANCHI;CAMANTI; 2 603
081204;CUSCO;QUISPICANCHI;CCARHUAYO; 3 156
081205;CUSCO;QUISPICANCHI;CCATCA; 15 084
081206;CUSCO;QUISPICANCHI;CUSIPATA; 4 661
081207;CUSCO;QUISPICANCHI;HUARO; 4 965
081208;CUSCO;QUISPICANCHI;LUCRE; 5 223
081209;CUSCO;QUISPICANCHI;MARCAPATA; 4 947
081210;CUSCO;QUISPICANCHI;OCONGATE; 18 587
081211;CUSCO;QUISPICANCHI;OROPESA; 11 563
081212;CUSCO;QUISPICANCHI;QUIQUIJANA; 11 856
081201;CUSCO;QUISPICANCHI;URCOS; 12 152
081302;CUSCO;URUBAMBA;CHINCHERO; 12 298
081303;CUSCO;URUBAMBA;HUAYLLABAMBA; 6 308
081304;CUSCO;URUBAMBA;MACHUPICCHU; 5 704
081305;CUSCO;URUBAMBA;MARAS; 6 769
081306;CUSCO;URUBAMBA;OLLANTAYTAMBO; 11 808
081301;CUSCO;URUBAMBA;URUBAMBA; 23 754
081307;CUSCO;URUBAMBA;YUCAY; 3 402
090201;HUANCAVELICA;ACOBAMBA;ACOBAMBA ; 9 579
090202;HUANCAVELICA;ACOBAMBA;ANDABAMBA; 3 171
090203;HUANCAVELICA;ACOBAMBA;ANTA; 4 483
090204;HUANCAVELICA;ACOBAMBA;CAJA; 1 809
090205;HUANCAVELICA;ACOBAMBA;MARCAS; 1 519
090206;HUANCAVELICA;ACOBAMBA;PAUCARA ; 9 117
090207;HUANCAVELICA;ACOBAMBA;POMACOCHA; 2 873
090208;HUANCAVELICA;ACOBAMBA;ROSARIO; 4 952
090302;HUANCAVELICA;ANGARAES;ANCHONGA; 7 805
090303;HUANCAVELICA;ANGARAES;CALLANMARCA;  615
090304;HUANCAVELICA;ANGARAES;CCOCHACCASA; 3 198
090305;HUANCAVELICA;ANGARAES;CHINCHO;  967
090306;HUANCAVELICA;ANGARAES;CONGALLA; 3 786
090307;HUANCAVELICA;ANGARAES;HUANCA-HUANCA; 1 405
090308;HUANCAVELICA;ANGARAES;HUAYLLAY GRANDE; 1 051
090309;HUANCAVELICA;ANGARAES;JULCAMARCA; 1 929
090301;HUANCAVELICA;ANGARAES;LIRCAY; 25 891
090310;HUANCAVELICA;ANGARAES;SAN ANTONIO DE ANTAPARCO; 2 429
090311;HUANCAVELICA;ANGARAES;SANTO TOMÁS DE PATA; 1 513
090312;HUANCAVELICA;ANGARAES;SECCLLA; 3 312
090402;HUANCAVELICA;CASTROVIRREYNA;ARMA;  972
090403;HUANCAVELICA;CASTROVIRREYNA;AURAHUA; 1 497
090404;HUANCAVELICA;CASTROVIRREYNA;CAPILLAS;  915
090401;HUANCAVELICA;CASTROVIRREYNA;CASTROVIRREYNA; 3 172
090405;HUANCAVELICA;CASTROVIRREYNA;CHUPAMARCA;  935
090406;HUANCAVELICA;CASTROVIRREYNA;COCAS;  737
090407;HUANCAVELICA;CASTROVIRREYNA;HUACHOS;  880
090408;HUANCAVELICA;CASTROVIRREYNA;HUAMATAMBO;  418
090409;HUANCAVELICA;CASTROVIRREYNA;MOLLEPAMPA; 1 201
090410;HUANCAVELICA;CASTROVIRREYNA;SAN JUAN;  769
090411;HUANCAVELICA;CASTROVIRREYNA;SANTA ANA;  834
090412;HUANCAVELICA;CASTROVIRREYNA;TANTARA;  691
090413;HUANCAVELICA;CASTROVIRREYNA;TICRAPO; 1 567
090502;HUANCAVELICA;CHURCAMPA;ANCO; 5 833
090503;HUANCAVELICA;CHURCAMPA;CHINCHIHUASI; 1 889
090501;HUANCAVELICA;CHURCAMPA;CHURCAMPA; 5 493
090511;HUANCAVELICA;CHURCAMPA;COSME ; 2 983
090504;HUANCAVELICA;CHURCAMPA;EL CARMEN; 2 533
090505;HUANCAVELICA;CHURCAMPA;LA MERCED; 1 179
090506;HUANCAVELICA;CHURCAMPA;LOCROJA; 3 464
090510;HUANCAVELICA;CHURCAMPA;PACHAMARCA; 1 861
090507;HUANCAVELICA;CHURCAMPA;PAUCARBAMBA; 4 362
090508;HUANCAVELICA;CHURCAMPA;SAN MIGUEL DE MAYOCC;  751
090509;HUANCAVELICA;CHURCAMPA;SAN PEDRO DE CORIS; 3 535
090102;HUANCAVELICA;HUANCAVELICA;ACOBAMBILLA; 1 909
090103;HUANCAVELICA;HUANCAVELICA;ACORIA; 17 056
090118;HUANCAVELICA;HUANCAVELICA;ASCENSIÓN; 18 765
090104;HUANCAVELICA;HUANCAVELICA;CONAYCA;  848
090105;HUANCAVELICA;HUANCAVELICA;CUENCA; 1 071
090106;HUANCAVELICA;HUANCAVELICA;HUACHOCOLPA; 1 807
090101;HUANCAVELICA;HUANCAVELICA;HUANCAVELICA; 42 858
090119;HUANCAVELICA;HUANCAVELICA;HUANDO; 6 490
090107;HUANCAVELICA;HUANCAVELICA;HUAYLLAHUARA;  662
090108;HUANCAVELICA;HUANCAVELICA;IZCUCHACA;  905
090109;HUANCAVELICA;HUANCAVELICA;LARIA;  717
090110;HUANCAVELICA;HUANCAVELICA;MANTA;  917
090111;HUANCAVELICA;HUANCAVELICA;MARISCAL CÁCERES;  494
090112;HUANCAVELICA;HUANCAVELICA;MOYA;  911
090113;HUANCAVELICA;HUANCAVELICA;NUEVO OCCORO; 1 706
090114;HUANCAVELICA;HUANCAVELICA;PALCA; 1 906
090115;HUANCAVELICA;HUANCAVELICA;PILCHACA;  517
090116;HUANCAVELICA;HUANCAVELICA;VILCA; 1 834
090117;HUANCAVELICA;HUANCAVELICA;YAULI; 19 892
090602;HUANCAVELICA;HUAYTARÁ;AYAVI;  830
090603;HUANCAVELICA;HUAYTARÁ;CÓRDOVA;  927
090604;HUANCAVELICA;HUAYTARÁ;HUAYACUNDO ARMA;  488
090601;HUANCAVELICA;HUAYTARÁ;HUAYTARÁ; 2 374
090605;HUANCAVELICA;HUAYTARÁ;LARAMARCA;  876
090606;HUANCAVELICA;HUAYTARÁ;OCOYO;  735
090607;HUANCAVELICA;HUAYTARÁ;PILPICHACA; 2 899
090608;HUANCAVELICA;HUAYTARÁ;QUERCO; 1 211
090609;HUANCAVELICA;HUAYTARÁ;QUITO-ARMA;  718
090610;HUANCAVELICA;HUAYTARÁ;SAN ANTONIO DE CUSICANCHA; 1 431
090611;HUANCAVELICA;HUAYTARÁ;SAN FRANCISCO DE SANGAYAICO; 1 029
090612;HUANCAVELICA;HUAYTARÁ;SAN ISIDRO; 1 148
090613;HUANCAVELICA;HUAYTARÁ;SANTIAGO DE CHOCORVOS; 1 600
090614;HUANCAVELICA;HUAYTARÁ;SANTIAGO DE QUIRAHUARA;  356
090615;HUANCAVELICA;HUAYTARÁ;SANTO DOMINGO DE CAPILLAS;  751
090616;HUANCAVELICA;HUAYTARÁ;TAMBO;  809
090702;HUANCAVELICA;TAYACAJA;ACOSTAMBO; 3 365
090703;HUANCAVELICA;TAYACAJA;ACRAQUIA; 3 548
090704;HUANCAVELICA;TAYACAJA;AHUAYCHA; 3 978
090720;HUANCAVELICA;TAYACAJA;ANDAYMARCA  ; 2 662
090705;HUANCAVELICA;TAYACAJA;COLCABAMBA     ; 11 989
090706;HUANCAVELICA;TAYACAJA;DANIEL HERNANDEZ  ; 10 002
090707;HUANCAVELICA;TAYACAJA;HUACHOCOLPA; 3 201
090709;HUANCAVELICA;TAYACAJA;HUARIBAMBA   ; 3 052
090710;HUANCAVELICA;TAYACAJA;ÑAHUIMPUQUIO; 1 479
090701;HUANCAVELICA;TAYACAJA;PAMPAS  ; 11 278
090711;HUANCAVELICA;TAYACAJA;PAZOS; 5 198
090722;HUANCAVELICA;TAYACAJA;PICHOS   ; 1 894
090719;HUANCAVELICA;TAYACAJA;QUICHUAS   ; 4 281
090713;HUANCAVELICA;TAYACAJA;QUISHUAR;  752
090721;HUANCAVELICA;TAYACAJA;ROBLE   ; 1 216
090714;HUANCAVELICA;TAYACAJA;SALCABAMBA; 4 005
090715;HUANCAVELICA;TAYACAJA;SALCAHUASI; 2 734
090716;HUANCAVELICA;TAYACAJA;SAN MARCOS DE ROCCHAC; 1 789
090723;HUANCAVELICA;TAYACAJA;SANTIAGO DE TUCUMA  ; 1 585
090717;HUANCAVELICA;TAYACAJA;SURCUBAMBA; 5 094
090718;HUANCAVELICA;TAYACAJA;TINTAY PUNCU   ; 2 893
100201;HUÁNUCO;AMBO;AMBO; 23 267
100202;HUÁNUCO;AMBO;CAYNA; 2 391
100203;HUÁNUCO;AMBO;COLPAS; 1 629
100204;HUÁNUCO;AMBO;CONCHAMARCA; 4 411
100205;HUÁNUCO;AMBO;HUACAR; 8 053
100206;HUÁNUCO;AMBO;SAN FRANCISCO; 1 374
100207;HUÁNUCO;AMBO;SAN RAFAEL; 8 772
100208;HUÁNUCO;AMBO;TOMAY KICHWA; 3 350
100307;HUÁNUCO;DOS DE MAYO;CHUQUIS; 3 123
100301;HUÁNUCO;DOS DE MAYO;LA UNIÓN; 7 093
100311;HUÁNUCO;DOS DE MAYO;MARÍAS; 5 547
100313;HUÁNUCO;DOS DE MAYO;PACHAS; 4 821
100316;HUÁNUCO;DOS DE MAYO;QUIVILLA; 1 094
100317;HUÁNUCO;DOS DE MAYO;RIPAN; 5 324
100321;HUÁNUCO;DOS DE MAYO;SHUNQUI; 1 567
100322;HUÁNUCO;DOS DE MAYO;SILLAPATA; 1 662
100323;HUÁNUCO;DOS DE MAYO;YANAS; 2 196
100402;HUÁNUCO;HUACAYBAMBA;CANCHABAMBA; 2 725
100403;HUÁNUCO;HUACAYBAMBA;COCHABAMBA; 1 454
100401;HUÁNUCO;HUACAYBAMBA;HUACAYBAMBA; 5 809
100404;HUÁNUCO;HUACAYBAMBA;PINRA; 6 384
100502;HUÁNUCO;HUAMALIES;ARANCAY; 1 316
100503;HUÁNUCO;HUAMALIES;CHAVÍN DE PARIARCA; 3 866
100504;HUÁNUCO;HUAMALIES;JACAS GRANDE; 5 906
100505;HUÁNUCO;HUAMALIES;JIRCAN; 1 249
100501;HUÁNUCO;HUAMALIES;LLATA; 13 718
100506;HUÁNUCO;HUAMALIES;MIRAFLORES; 3 124
100507;HUÁNUCO;HUAMALIES;MONZÓN; 12 077
100508;HUÁNUCO;HUAMALIES;PUNCHAO; 1 976
100509;HUÁNUCO;HUAMALIES;PUÑOS; 4 146
100510;HUÁNUCO;HUAMALIES;SINGA; 3 039
100511;HUÁNUCO;HUAMALIES;TANTAMAYO; 1 678
100102;HUÁNUCO;HUÁNUCO;AMARILIS ; 88 635
100103;HUÁNUCO;HUÁNUCO;CHINCHAO     ; 13 159
100104;HUÁNUCO;HUÁNUCO;CHURUBAMBA; 15 364
100101;HUÁNUCO;HUÁNUCO;HUANUCO; 95 540
100105;HUÁNUCO;HUÁNUCO;MARGOS   ; 4 120
100111;HUÁNUCO;HUÁNUCO;PILLCO MARCA  ; 51 354
100106;HUÁNUCO;HUÁNUCO;QUISQUI    ; 3 279
100107;HUÁNUCO;HUÁNUCO;SAN FRANCISCO DE CAYRÁN ; 4 847
100113;HUÁNUCO;HUÁNUCO;SAN PABLO DE PILLAO   ; 8 205
100108;HUÁNUCO;HUÁNUCO;SAN PEDRO DE CHAULAN   ; 2 748
100109;HUÁNUCO;HUÁNUCO;SANTA MARÍA DEL VALLE ; 21 872
100112;HUÁNUCO;HUÁNUCO;YACUS  ; 5 092
100110;HUÁNUCO;HUÁNUCO;YARUMAYO; 1 584
101002;HUÁNUCO;LAURICOCHA;BAÑOS; 1 606
101001;HUÁNUCO;LAURICOCHA;JESÚS; 3 921
101003;HUÁNUCO;LAURICOCHA;JIVIA; 1 035
101004;HUÁNUCO;LAURICOCHA;QUEROPALCA;  924
101005;HUÁNUCO;LAURICOCHA;RONDOS; 3 356
101006;HUÁNUCO;LAURICOCHA;SAN FRANCISCO DE ASÍS; 1 152
101007;HUÁNUCO;LAURICOCHA;SAN MIGUEL DE CAURI; 5 120
100608;HUÁNUCO;LEONCIO PRADO;CASTILLO GRANDE   ; 14 099
100602;HUÁNUCO;LEONCIO PRADO;DANIEL ALOMIA ROBLES; 6 880
100603;HUÁNUCO;LEONCIO PRADO;HERMILIO VALDIZÁN; 3 691
100604;HUÁNUCO;LEONCIO PRADO;JOSÉ CRESPO Y CASTILLO       ; 23 817
100605;HUÁNUCO;LEONCIO PRADO;LUYANDO ; 9 485
100606;HUÁNUCO;LEONCIO PRADO;MARÍANO DÁMASO BERAUN; 11 187
100607;HUÁNUCO;LEONCIO PRADO;PUCAYACU   ; 3 917
100609;HUÁNUCO;LEONCIO PRADO;PUEBLO NUEVO  ; 4 406
100601;HUÁNUCO;LEONCIO PRADO;RUPA-RUPA   ; 58 126
100610;HUÁNUCO;LEONCIO PRADO;SANTO DOMINGO DE ANDA   ; 2 667
100702;HUÁNUCO;MARAÑÓN;CHOLON      ; 5 629
100701;HUÁNUCO;MARAÑÓN;HUACRACHUCO; 15 048
100704;HUÁNUCO;MARAÑÓN;LA MORADA   ; 3 713
100703;HUÁNUCO;MARAÑÓN;SAN BUENAVENTURA; 2 097
100705;HUÁNUCO;MARAÑÓN;SANTA ROSA DE ALTO YANAJANCA   ; 2 673
100802;HUÁNUCO;PACHITEA;CHAGLLA; 10 278
100803;HUÁNUCO;PACHITEA;MOLINO; 10 912
100801;HUÁNUCO;PACHITEA;PANAO; 18 126
100804;HUÁNUCO;PACHITEA;UMARI  ; 10 770
100902;HUÁNUCO;PUERTO INCA;CODO DEL POZUZO; 8 248
100903;HUÁNUCO;PUERTO INCA;HONORIA; 4 782
100901;HUÁNUCO;PUERTO INCA;PUERTO INCA; 10 665
100904;HUÁNUCO;PUERTO INCA;TOURNAVISTA  ; 6 543
100905;HUÁNUCO;PUERTO INCA;YUYAPICHIS; 6 749
101104;HUÁNUCO;YAROWILCA;APARICIO POMARES; 4 754
101102;HUÁNUCO;YAROWILCA;CAHUAC;  928
101103;HUÁNUCO;YAROWILCA;CHACABAMBA;  898
101101;HUÁNUCO;YAROWILCA;CHAVINILLO; 4 570
101108;HUÁNUCO;YAROWILCA;CHORAS; 1 869
101105;HUÁNUCO;YAROWILCA;JACAS CHICO; 1 006
101106;HUÁNUCO;YAROWILCA;OBAS; 3 684
101107;HUÁNUCO;YAROWILCA;PAMPAMARCA;  996
110202;ICA;CHINCHA;ALTO LARÁN; 8 891
110203;ICA;CHINCHA;CHAVÍN; 2 658
110201;ICA;CHINCHA;CHINCHA ALTA; 77 070
110204;ICA;CHINCHA;CHINCHA BAJA; 14 613
110205;ICA;CHINCHA;EL CARMEN; 13 940
110206;ICA;CHINCHA;GROCIO PRADO; 29 052
110207;ICA;CHINCHA;PUEBLO NUEVO; 73 510
110208;ICA;CHINCHA;SAN JUAN DE YÁNAC; 1 673
110209;ICA;CHINCHA;SAN PEDRO DE HUACARPANA; 1 083
110210;ICA;CHINCHA;SUNAMPE; 33 046
110211;ICA;CHINCHA;TAMBO DE MORA; 6 574
110101;ICA;ICA;ICA; 168 765
110102;ICA;ICA;LA TINGUIÑA; 46 164
110103;ICA;ICA;LOS AQUIJES; 25 686
110104;ICA;ICA;OCUCAJE; 5 141
110105;ICA;ICA;PACHACÚTEC; 8 284
110106;ICA;ICA;PARCONA; 60 173
110107;ICA;ICA;PUEBLO NUEVO; 7 513
110108;ICA;ICA;SALAS; 30 467
110109;ICA;ICA;SAN JOSÉ DE LOS MOLINOS; 7 989
110110;ICA;ICA;SAN JUAN BAUTISTA; 15 527
110111;ICA;ICA;SANTIAGO; 30 933
110112;ICA;ICA;SUBTANJALLA; 32 666
110113;ICA;ICA;TATE; 5 184
110114;ICA;ICA;YAUCA DEL ROSARIO ; 1 260
110302;ICA;NASCA  ;CHANGUILLO; 2 175
110303;ICA;NASCA  ;EL INGENIO; 3 585
110304;ICA;NASCA  ;MARCONA; 18 046
110301;ICA;NASCA  ;NASCA  ; 29 772
110305;ICA;NASCA  ;VISTA ALEGRE; 24 894
110402;ICA;PALPA;LLIPATA; 1 765
110401;ICA;PALPA;PALPA; 8 722
110403;ICA;PALPA;RÍO GRANDE; 2 946
110404;ICA;PALPA;SANTA CRUZ; 1 037
110405;ICA;PALPA;TIBILLO;  362
110502;ICA;PISCO;HUANCANO; 1 452
110503;ICA;PISCO;HUMAY; 5 846
110504;ICA;PISCO;INDEPENDENCIA; 14 544
110505;ICA;PISCO;PARACAS; 9 011
110501;ICA;PISCO;PISCO; 78 636
110506;ICA;PISCO;SAN ANDRÉS; 15 995
110507;ICA;PISCO;SAN CLEMENTE; 28 904
110508;ICA;PISCO;TÚPAC AMARU INCA; 19 628
120301;JUNÍN;CHANCHAMAYO;CHANCHAMAYO; 29 175
120302;JUNÍN;CHANCHAMAYO;PERENÉ; 60 225
120303;JUNÍN;CHANCHAMAYO;PICHANAQUI; 42 869
120304;JUNÍN;CHANCHAMAYO;SAN LUIS DE SHUARO; 3 976
120305;JUNÍN;CHANCHAMAYO;SAN RAMÓN; 29 425
120306;JUNÍN;CHANCHAMAYO;VITOC; 1 715
120902;JUNÍN;CHUPACA;AHUAC; 6 745
120903;JUNÍN;CHUPACA;CHONGOS BAJO; 4 774
120901;JUNÍN;CHUPACA;CHUPACA; 21 538
120904;JUNÍN;CHUPACA;HUÁCHAC; 3 030
120905;JUNÍN;CHUPACA;HUAMANCACA CHICO; 10 839
120906;JUNÍN;CHUPACA;SAN JUAN DE ISCOS; 2 314
120907;JUNÍN;CHUPACA;SAN JUAN DE JARPA; 2 598
120908;JUNÍN;CHUPACA;TRES DE DICIEMBRE; 3 114
120909;JUNÍN;CHUPACA;YANACANCHA; 2 652
120202;JUNÍN;CONCEPCIÓN;ACO; 1 643
120203;JUNÍN;CONCEPCIÓN;ANDAMARCA; 3 371
120204;JUNÍN;CONCEPCIÓN;CHAMBARÁ; 2 675
120205;JUNÍN;CONCEPCIÓN;COCHAS; 1 971
120206;JUNÍN;CONCEPCIÓN;COMAS; 5 369
120201;JUNÍN;CONCEPCIÓN;CONCEPCIÓN; 16 806
120207;JUNÍN;CONCEPCIÓN;HEROÍNAS TOLEDO;  949
120208;JUNÍN;CONCEPCIÓN;MANZANARES; 1 532
120209;JUNÍN;CONCEPCIÓN;MARISCAL CASTILLA; 1 465
120210;JUNÍN;CONCEPCIÓN;MATAHUASI; 6 318
120211;JUNÍN;CONCEPCIÓN;MITO; 1 457
120212;JUNÍN;CONCEPCIÓN;NUEVE DE JULIO; 2 555
120213;JUNÍN;CONCEPCIÓN;ORCOTUNA; 5 233
120214;JUNÍN;CONCEPCIÓN;SAN JOSÉ DE QUERO; 5 702
120215;JUNÍN;CONCEPCIÓN;SANTA ROSA DE OCOPA; 2 092
120104;JUNÍN;HUANCAYO;CARHUACALLANGA;  468
120105;JUNÍN;HUANCAYO;CHACAPAMPA;  941
120106;JUNÍN;HUANCAYO;CHICCHE;  687
120107;JUNÍN;HUANCAYO;CHILCA; 100 252
120108;JUNÍN;HUANCAYO;CHONGOS ALTO; 1 523
120111;JUNÍN;HUANCAYO;CHUPURO; 2 095
120112;JUNÍN;HUANCAYO;COLCA; 1 032
120113;JUNÍN;HUANCAYO;CULLHUAS; 1 308
120114;JUNÍN;HUANCAYO;EL TAMBO; 175 725
120116;JUNÍN;HUANCAYO;HUACRAPUQUIO; 1 415
120117;JUNÍN;HUANCAYO;HUALHUAS; 6 006
120119;JUNÍN;HUANCAYO;HUANCÁN; 29 996
120101;JUNÍN;HUANCAYO;HUANCAYO; 124 294
120120;JUNÍN;HUANCAYO;HUASICANCHA;  840
120121;JUNÍN;HUANCAYO;HUAYUCACHI; 10 925
120122;JUNÍN;HUANCAYO;INGENIO; 2 448
120124;JUNÍN;HUANCAYO;PARIAHUANCA   ; 5 201
120125;JUNÍN;HUANCAYO;PILCOMAYO; 24 039
120126;JUNÍN;HUANCAYO;PUCARA; 4 859
120127;JUNÍN;HUANCAYO;QUICHUAY; 1 931
120128;JUNÍN;HUANCAYO;QUILCAS; 4 063
120129;JUNÍN;HUANCAYO;SAN AGUSTÍN; 18 684
120130;JUNÍN;HUANCAYO;SAN JERONIMO DE TUNÁN; 13 031
120135;JUNÍN;HUANCAYO;SANTO DOMINGO DE ACOBAMBA; 6 406
120132;JUNÍN;HUANCAYO;SAÑO; 6 412
120133;JUNÍN;HUANCAYO;SAPALLANGA; 25 401
120134;JUNÍN;HUANCAYO;SICAYA; 22 244
120136;JUNÍN;HUANCAYO;VIQUES; 2 957
120402;JUNÍN;JAUJA;ACOLLA; 6 093
120403;JUNÍN;JAUJA;APATA; 4 586
120404;JUNÍN;JAUJA;ATAURA; 1 382
120405;JUNÍN;JAUJA;CANCHAYLLO; 1 692
120406;JUNÍN;JAUJA;CURICACA; 1 454
120407;JUNÍN;JAUJA;EL MANTARO; 2 743
120408;JUNÍN;JAUJA;HUAMALI; 1 659
120409;JUNÍN;JAUJA;HUARIPAMPA; 1 090
120410;JUNÍN;JAUJA;HUERTAS; 2 231
120411;JUNÍN;JAUJA;JANJAILLO;  557
120401;JUNÍN;JAUJA;JAUJA; 19 948
120412;JUNÍN;JAUJA;JULCAN;  758
120413;JUNÍN;JAUJA;LEONOR ORDÓÑEZ; 1 616
120414;JUNÍN;JAUJA;LLOCLLAPAMPA; 1 179
120415;JUNÍN;JAUJA;MARCO; 1 447
120416;JUNÍN;JAUJA;MASMA; 1 774
120417;JUNÍN;JAUJA;MASMA CHICCHE;  742
120418;JUNÍN;JAUJA;MOLINOS; 1 614
120419;JUNÍN;JAUJA;MONOBAMBA; 1 917
120420;JUNÍN;JAUJA;MUQUI; 1 057
120421;JUNÍN;JAUJA;MUQUIYAUYO; 2 380
120422;JUNÍN;JAUJA;PACA;  876
120423;JUNÍN;JAUJA;PACCHA; 1 413
120424;JUNÍN;JAUJA;PANCAN; 1 264
120425;JUNÍN;JAUJA;PARCO; 1 152
120426;JUNÍN;JAUJA;POMACANCHA; 1 382
120427;JUNÍN;JAUJA;RICRÁN; 1 236
120428;JUNÍN;JAUJA;SAN LORENZO; 2 808
120429;JUNÍN;JAUJA;SAN PEDRO DE CHUNÁN;  675
120430;JUNÍN;JAUJA;SAUSA; 3 361
120431;JUNÍN;JAUJA;SINCOS; 4 217
120432;JUNÍN;JAUJA;TUNAN MARCA;  998
120433;JUNÍN;JAUJA;YAULI; 1 055
120434;JUNÍN;JAUJA;YAUYOS; 10 049
120502;JUNÍN;JUNÍN;CARHUAMAYO; 6 554
120501;JUNÍN;JUNÍN;JUNÍN; 11 238
120503;JUNÍN;JUNÍN;ONDORES; 1 075
120504;JUNÍN;JUNÍN;ULCUMAYO; 3 890
120602;JUNÍN;SATIPO;COVIRIALI; 6 573
120603;JUNÍN;SATIPO;LLAYLLA; 7 548
120604;JUNÍN;SATIPO;MAZAMARI ; 43 191
120605;JUNÍN;SATIPO;PAMPA HERMOSA; 3 654
120606;JUNÍN;SATIPO;PANGOA  ; 65 356
120607;JUNÍN;SATIPO;RÍO NEGRO ; 34 427
120608;JUNÍN;SATIPO;RÍO TAMBO; 29 909
120601;JUNÍN;SATIPO;SATIPO; 42 647
120609;JUNÍN;SATIPO;VIZCATÁN DEL ENE   ; 5 800
120702;JUNÍN;TARMA;ACOBAMBA; 9 387
120703;JUNÍN;TARMA;HUARICOLCA; 1 813
120704;JUNÍN;TARMA;HUASAHUASI; 9 768
120705;JUNÍN;TARMA;LA UNIÓN; 3 650
120706;JUNÍN;TARMA;PALCA; 5 897
120707;JUNÍN;TARMA;PALCAMAYO; 3 006
120708;JUNÍN;TARMA;SAN PEDRO DE CAJAS; 3 314
120709;JUNÍN;TARMA;TAPO; 4 470
120701;JUNÍN;TARMA;TARMA; 50 544
120802;JUNÍN;YAULI;CHACAPALPA;  665
120803;JUNÍN;YAULI;HUAY-HUAY; 2 176
120801;JUNÍN;YAULI;LA OROYA; 13 700
120804;JUNÍN;YAULI;MARCAPOMACOCHA;  784
120805;JUNÍN;YAULI;MOROCOCHA; 5 270
120806;JUNÍN;YAULI;PACCHA; 1 644
120807;JUNÍN;YAULI;SANTA BÁRBARA DE CARHUACAYA; 1 003
120808;JUNÍN;YAULI;SANTA ROSA DE SACCO; 8 618
120809;JUNÍN;YAULI;SUITUCANCHA;  710
120810;JUNÍN;YAULI;YAULI; 5 471
130201;LA LIBERTAD;ASCOPE;ASCOPE; 6 855
130208;LA LIBERTAD;ASCOPE;CASA GRANDE; 29 802
130202;LA LIBERTAD;ASCOPE;CHICAMA; 16 065
130203;LA LIBERTAD;ASCOPE;CHOCOPE; 9 807
130204;LA LIBERTAD;ASCOPE;MAGDALENA DE CAO; 2 669
130205;LA LIBERTAD;ASCOPE;PAIJÁN; 28 894
130206;LA LIBERTAD;ASCOPE;RÁZURI; 9 415
130207;LA LIBERTAD;ASCOPE;SANTIAGO DE CAO; 19 973
130302;LA LIBERTAD;BOLÍVAR;BAMBAMARCA; 3 159
130301;LA LIBERTAD;BOLÍVAR;BOLÍVAR; 5 031
130303;LA LIBERTAD;BOLÍVAR;CONDORMARCA; 2 143
130304;LA LIBERTAD;BOLÍVAR;LONGOTEA; 2 350
130305;LA LIBERTAD;BOLÍVAR;UCHUMARCA; 2 396
130306;LA LIBERTAD;BOLÍVAR;UCUNCHA;  903
130401;LA LIBERTAD;CHEPÉN;CHEPÉN; 48 917
130402;LA LIBERTAD;CHEPÉN;PACANGA; 24 727
130403;LA LIBERTAD;CHEPÉN;PUEBLO NUEVO; 12 767
131101;LA LIBERTAD;GRAN CHIMÚ;CASCAS; 14 344
131102;LA LIBERTAD;GRAN CHIMÚ;LUCMA; 4 866
131103;LA LIBERTAD;GRAN CHIMÚ;MARMOT ; 2 566
131104;LA LIBERTAD;GRAN CHIMÚ;SAYAPULLO; 6 514
130502;LA LIBERTAD;JULCÁN;CALAMARCA; 5 070
130503;LA LIBERTAD;JULCÁN;CARABAMBA; 6 916
130504;LA LIBERTAD;JULCÁN;HUASO; 6 239
130501;LA LIBERTAD;JULCÁN;JULCÁN; 12 762
130602;LA LIBERTAD;OTUZCO;AGALLPAMPA; 10 403
130604;LA LIBERTAD;OTUZCO;CHARAT; 2 574
130605;LA LIBERTAD;OTUZCO;HUARANCHAL; 4 122
130606;LA LIBERTAD;OTUZCO;LA CUESTA;  662
130608;LA LIBERTAD;OTUZCO;MACHE; 2 869
130601;LA LIBERTAD;OTUZCO;OTUZCO; 26 830
130610;LA LIBERTAD;OTUZCO;PARANDAY;  542
130611;LA LIBERTAD;OTUZCO;SALPO; 6 543
130613;LA LIBERTAD;OTUZCO;SINSICAP; 7 543
130614;LA LIBERTAD;OTUZCO;USQUIL; 23 003
130702;LA LIBERTAD;PACASMAYO;GUADALUPE; 44 119
130703;LA LIBERTAD;PACASMAYO;JEQUETEPEQUE; 4 604
130704;LA LIBERTAD;PACASMAYO;PACASMAYO; 32 161
130705;LA LIBERTAD;PACASMAYO;SAN JOSÉ; 12 718
130701;LA LIBERTAD;PACASMAYO;SAN PEDRO DE LLOC; 19 368
130802;LA LIBERTAD;PATAZ;BULDIBUYO; 4 229
130803;LA LIBERTAD;PATAZ;CHILLIA; 13 046
130804;LA LIBERTAD;PATAZ;HUANCASPATA; 6 142
130805;LA LIBERTAD;PATAZ;HUAYLILLAS; 1 116
130806;LA LIBERTAD;PATAZ;HUAYO; 3 762
130807;LA LIBERTAD;PATAZ;ONGÓN; 1 360
130808;LA LIBERTAD;PATAZ;PARCOY; 21 147
130809;LA LIBERTAD;PATAZ;PATAZ; 10 782
130810;LA LIBERTAD;PATAZ;PIAS; 1 902
130811;LA LIBERTAD;PATAZ;SANTIAGO DE CHALLAS; 2 290
130812;LA LIBERTAD;PATAZ;TAURIJA; 3 032
130801;LA LIBERTAD;PATAZ;TAYABAMBA; 13 862
130813;LA LIBERTAD;PATAZ;URPAY; 2 422
130902;LA LIBERTAD;SÁNCHEZ CARRIÓN;CHUGAY; 19 344
130903;LA LIBERTAD;SÁNCHEZ CARRIÓN;COCHORCO; 10 054
130904;LA LIBERTAD;SÁNCHEZ CARRIÓN;CURGOS; 8 795
130901;LA LIBERTAD;SÁNCHEZ CARRIÓN;HUAMACHUCO; 79 944
130905;LA LIBERTAD;SÁNCHEZ CARRIÓN;MARCABAL; 11 381
130906;LA LIBERTAD;SÁNCHEZ CARRIÓN;SANAGORAN; 14 881
130907;LA LIBERTAD;SÁNCHEZ CARRIÓN;SARÍN; 9 904
130908;LA LIBERTAD;SÁNCHEZ CARRIÓN;SARTIMBAMBA; 14 367
131002;LA LIBERTAD;SANTIAGO DE CHUCO;ANGASMARCA; 4 995
131003;LA LIBERTAD;SANTIAGO DE CHUCO;CACHICADAN; 5 789
131004;LA LIBERTAD;SANTIAGO DE CHUCO;MOLLEBAMBA; 1 846
131005;LA LIBERTAD;SANTIAGO DE CHUCO;MOLLEPATA; 2 441
131006;LA LIBERTAD;SANTIAGO DE CHUCO;QUIRUVILCA; 13 703
131007;LA LIBERTAD;SANTIAGO DE CHUCO;SANTA CRUZ DE CHUCA; 3 049
131001;LA LIBERTAD;SANTIAGO DE CHUCO;SANTIAGO DE CHUCO; 20 368
131008;LA LIBERTAD;SANTIAGO DE CHUCO;SITABAMBA; 3 677
130102;LA LIBERTAD;TRUJILLO;EL PORVENIR; 229 115
130103;LA LIBERTAD;TRUJILLO;FLORENCIA DE MORA; 38 334
130104;LA LIBERTAD;TRUJILLO;HUANCHACO; 87 192
130105;LA LIBERTAD;TRUJILLO;LA ESPERANZA; 224 427
130106;LA LIBERTAD;TRUJILLO;LAREDO; 43 024
130107;LA LIBERTAD;TRUJILLO;MOCHE; 42 798
130108;LA LIBERTAD;TRUJILLO;POROTO; 3 924
130109;LA LIBERTAD;TRUJILLO;SALAVERRY; 22 717
130110;LA LIBERTAD;TRUJILLO;SIMBAL; 4 515
130101;LA LIBERTAD;TRUJILLO;TRUJILLO; 344 374
130111;LA LIBERTAD;TRUJILLO;VÍCTOR LARCO HERRERA; 78 304
131202;LA LIBERTAD;VIRÚ;CHAO; 39 125
131203;LA LIBERTAD;VIRÚ;GUADALUPITO; 7 663
131201;LA LIBERTAD;VIRÚ;VIRÚ; 58 418
140116;LAMBAYEQUE;CHICLAYO;CAYALTÍ; 15 365
140101;LAMBAYEQUE;CHICLAYO;CHICLAYO; 288 360
140102;LAMBAYEQUE;CHICLAYO;CHONGOYAPE; 19 629
140103;LAMBAYEQUE;CHICLAYO;ETÉN; 13 118
140104;LAMBAYEQUE;CHICLAYO;ETÉN PUERTO; 2 439
140105;LAMBAYEQUE;CHICLAYO;JOSÉ LEONARDO ORTIZ; 165 355
140106;LAMBAYEQUE;CHICLAYO;LA VICTORIA; 99 183
140107;LAMBAYEQUE;CHICLAYO;LAGUNAS; 10 829
140108;LAMBAYEQUE;CHICLAYO;MONSEFU; 35 323
140109;LAMBAYEQUE;CHICLAYO;NUEVA ARICA; 2 538
140110;LAMBAYEQUE;CHICLAYO;OYOTÚN; 8 359
140117;LAMBAYEQUE;CHICLAYO;PATAPO; 25 022
140111;LAMBAYEQUE;CHICLAYO;PICSI; 14 726
140112;LAMBAYEQUE;CHICLAYO;PIMENTEL; 52 505
140118;LAMBAYEQUE;CHICLAYO;POMALCA; 27 016
140119;LAMBAYEQUE;CHICLAYO;PUCALA; 9 022
140113;LAMBAYEQUE;CHICLAYO;REQUE; 17 794
140114;LAMBAYEQUE;CHICLAYO;SANTA ROSA; 13 856
140115;LAMBAYEQUE;CHICLAYO;SAÑA; 12 497
140120;LAMBAYEQUE;CHICLAYO;TUMÁN; 29 773
140202;LAMBAYEQUE;FERREÑAFE;CAÑARIS; 12 251
140201;LAMBAYEQUE;FERREÑAFE;FERREÑAFE; 37 715
140203;LAMBAYEQUE;FERREÑAFE;INCAHUASI; 15 112
140204;LAMBAYEQUE;FERREÑAFE;MANUEL ANTONIO MESONES MURO; 4 179
140205;LAMBAYEQUE;FERREÑAFE;PITIPO; 21 977
140206;LAMBAYEQUE;FERREÑAFE;PUEBLO NUEVO; 16 007
140302;LAMBAYEQUE;LAMBAYEQUE;CHOCHOPE; 1 571
140303;LAMBAYEQUE;LAMBAYEQUE;ILLIMO; 9 472
140304;LAMBAYEQUE;LAMBAYEQUE;JAYANCA; 20 042
140301;LAMBAYEQUE;LAMBAYEQUE;LAMBAYEQUE; 79 845
140305;LAMBAYEQUE;LAMBAYEQUE;MOCHUMI; 19 750
140306;LAMBAYEQUE;LAMBAYEQUE;MORROPE; 56 131
140307;LAMBAYEQUE;LAMBAYEQUE;MOTUPE; 33 952
140308;LAMBAYEQUE;LAMBAYEQUE;OLMOS; 55 691
140309;LAMBAYEQUE;LAMBAYEQUE;PACORA; 8 829
140310;LAMBAYEQUE;LAMBAYEQUE;SALAS; 13 577
140311;LAMBAYEQUE;LAMBAYEQUE;SAN JOSÉ; 17 754
140312;LAMBAYEQUE;LAMBAYEQUE;TÚCUME; 24 221
150201;LIMA ;BARRANCA;BARRANCA; 72 221
150202;LIMA ;BARRANCA;PARAMONGA; 21 938
150203;LIMA ;BARRANCA;PATIVILCA; 17 941
150204;LIMA ;BARRANCA;SUPE; 25 470
150205;LIMA ;BARRANCA;SUPE PUERTO; 13 525
150301;LIMA ;CAJATAMBO;CAJATAMBO; 1 956
150302;LIMA ;CAJATAMBO;COPA;  847
150303;LIMA ;CAJATAMBO;GORGOR; 1 612
150304;LIMA ;CAJATAMBO;HUANCAPÓN;  945
150305;LIMA ;CAJATAMBO;MANAS;  972
150402;LIMA ;CANTA;ARAHUAY;  591
150401;LIMA ;CANTA;CANTA; 2 247
150403;LIMA ;CANTA;HUAMANTANGA;  637
150404;LIMA ;CANTA;HUAROS;  761
150405;LIMA ;CANTA;LACHAQUI;  880
150406;LIMA ;CANTA;SAN BUENAVENTURA;  595
150407;LIMA ;CANTA;SANTA ROSA DE QUIVES; 5 882
150502;LIMA ;CAÑETE;ASIA; 10 686
150503;LIMA ;CAÑETE;CALANGO; 2 409
150504;LIMA ;CAÑETE;CERRO AZUL; 8 637
150505;LIMA ;CAÑETE;CHILCA; 23 568
150506;LIMA ;CAÑETE;COAYLLO; 1 039
150507;LIMA ;CAÑETE;IMPERIAL; 38 559
150508;LIMA ;CAÑETE;LUNAHUANA; 4 082
150509;LIMA ;CAÑETE;MALA; 33 688
150510;LIMA ;CAÑETE;NUEVO IMPERIAL; 28 216
150511;LIMA ;CAÑETE;PACARÁN; 1 684
150512;LIMA ;CAÑETE;QUILMANA; 16 225
150513;LIMA ;CAÑETE;SAN ANTONIO; 4 616
150514;LIMA ;CAÑETE;SAN LUIS; 13 163
150501;LIMA ;CAÑETE;SAN VICENTE DE CAÑETE; 59 323
150515;LIMA ;CAÑETE;SANTA CRUZ DE FLORES; 3 186
150516;LIMA ;CAÑETE;ZUÑIGA; 1 339
150602;LIMA ;HUARAL;ATAVILLOS ALTO;  657
150603;LIMA ;HUARAL;ATAVILLOS BAJO;  835
150604;LIMA ;HUARAL;AUCALLAMA; 21 121
150605;LIMA ;HUARAL;CHANCAY; 60 774
150601;LIMA ;HUARAL;HUARAL; 105 011
150606;LIMA ;HUARAL;IHUARI; 2 015
150607;LIMA ;HUARAL;LAMPIÁN;  313
150608;LIMA ;HUARAL;PACARAOS; 1 184
150609;LIMA ;HUARAL;SAN MIGUEL DE ACOS;  636
150610;LIMA ;HUARAL;SANTA CRUZ DE ANDAMARCA;  769
150611;LIMA ;HUARAL;SUMBILCA;  671
150612;LIMA ;HUARAL;VEINTISIETE DE NOVIEMBRE;  389
150702;LIMA ;HUAROCHIRI;ANTIOQUIA; 1 232
150703;LIMA ;HUAROCHIRI;CALLAHUANCA;  666
150704;LIMA ;HUAROCHIRI;CARAMPOMA;  312
150705;LIMA ;HUAROCHIRI;CHICLA; 3 222
150706;LIMA ;HUAROCHIRI;CUENCA;  466
150707;LIMA ;HUAROCHIRI;HUACHUPAMPA;  509
150708;LIMA ;HUAROCHIRI;HUANZA;  736
150709;LIMA ;HUAROCHIRI;HUAROCHIRÍ; 1 256
150710;LIMA ;HUAROCHIRI;LAHUAYTAMBO;  593
150711;LIMA ;HUAROCHIRI;LANGA;  847
150712;LIMA ;HUAROCHIRI;LARAOS;  573
150713;LIMA ;HUAROCHIRI;MARÍATANA; 1 411
150701;LIMA ;HUAROCHIRI;MATUCANA; 4 014
150714;LIMA ;HUAROCHIRI;RICARDO PALMA; 6 631
150715;LIMA ;HUAROCHIRI;SAN ANDRÉS DE TUPICOCHA; 1 321
150716;LIMA ;HUAROCHIRI;SAN ANTONIO; 5 948
150717;LIMA ;HUAROCHIRI;SAN BARTOLOMÉ; 1 080
150718;LIMA ;HUAROCHIRI;SAN DAMIAN; 1 132
150719;LIMA ;HUAROCHIRI;SAN JUAN DE IRIS;  635
150720;LIMA ;HUAROCHIRI;SAN JUAN DE TANTARANCHE;  346
150721;LIMA ;HUAROCHIRI;SAN LORENZO DE QUINTI; 1 128
150722;LIMA ;HUAROCHIRI;SAN MATEO; 3 918
150723;LIMA ;HUAROCHIRI;SAN MATEO DE OTAO; 1 343
150724;LIMA ;HUAROCHIRI;SAN PEDRO DE CASTA;  893
150725;LIMA ;HUAROCHIRI;SAN PEDRO DE HUANCAYRE;  200
150726;LIMA ;HUAROCHIRI;SANGALLAYA;  636
150727;LIMA ;HUAROCHIRI;SANTA CRUZ DE COCACHACRA; 2 642
150728;LIMA ;HUAROCHIRI;SANTA EULALIA; 13 305
150729;LIMA ;HUAROCHIRI;SANTIAGO DE ANCHUCAYA;  287
150730;LIMA ;HUAROCHIRI;SANTIAGO DE TUNA;  384
150731;LIMA ;HUAROCHIRI;SANTO DOMINGO DE LOS OLLERO; 3 336
150732;LIMA ;HUAROCHIRI;SURCO; 1 379
150802;LIMA ;HUAURA;AMBAR; 2 062
150803;LIMA ;HUAURA;CALETA DE CARQUÍN; 8 491
150804;LIMA ;HUAURA;CHECRAS;  852
150801;LIMA ;HUAURA;HUACHO; 68 599
150805;LIMA ;HUAURA;HUALMAY; 28 388
150806;LIMA ;HUAURA;HUAURA; 36 259
150807;LIMA ;HUAURA;LEONCIO PRADO; 1 932
150808;LIMA ;HUAURA;PACCHO; 1 502
150809;LIMA ;HUAURA;SANTA LEONOR;  768
150810;LIMA ;HUAURA;SANTA MARÍA; 39 330
150811;LIMA ;HUAURA;SAYAN; 24 378
150812;LIMA ;HUAURA;VEGUETA; 28 156
150102;LIMA ;LIMA;ANCÓN  ; 82 677
150103;LIMA ;LIMA;ATE; 670 818
150104;LIMA ;LIMA;BARRANCO; 35 915
150105;LIMA ;LIMA;BREÑA; 93 111
150106;LIMA ;LIMA;CARABAYLLO; 400 414
150107;LIMA ;LIMA;CHACLACAYO; 44 157
150108;LIMA ;LIMA;CHORRILLOS; 355 978
150109;LIMA ;LIMA;CIENEGUILLA; 39 055
150110;LIMA ;LIMA;COMAS; 573 884
150111;LIMA ;LIMA;EL AGUSTINO; 221 974
150112;LIMA ;LIMA;INDEPENDENCIA; 222 850
150113;LIMA ;LIMA;JESÚS MARÍA; 81 743
150114;LIMA ;LIMA;LA MOLINA; 160 244
150115;LIMA ;LIMA;LA VICTORIA; 188 619
150101;LIMA ;LIMA;LIMA; 267 379
150116;LIMA ;LIMA;LINCE; 59 578
150117;LIMA ;LIMA;LOS OLIVOS; 351 983
150118;LIMA ;LIMA;LURIGANCHO; 283 231
150119;LIMA ;LIMA;LURÍN; 109 506
150120;LIMA ;LIMA;MAGDALENA DEL MAR; 65 139
150122;LIMA ;LIMA;MIRAFLORES; 108 855
150123;LIMA ;LIMA;PACHACÁMAC; 142 133
150124;LIMA ;LIMA;PUCUSANA; 16 615
150121;LIMA ;LIMA;PUEBLO LIBRE; 94 010
150125;LIMA ;LIMA;PUENTE PIEDRA  ; 395 819
150126;LIMA ;LIMA;PUNTA HERMOSA; 22 230
150127;LIMA ;LIMA;PUNTA NEGRA; 8 243
150128;LIMA ;LIMA;RÍMAC; 180 260
150129;LIMA ;LIMA;SAN BARTOLO; 8 722
150130;LIMA ;LIMA;SAN BORJA; 127 102
150131;LIMA ;LIMA;SAN ISIDRO; 67 703
150132;LIMA ;LIMA;SAN JUAN DE LURIGANCHO;1 177 629
150133;LIMA ;LIMA;SAN JUAN DE MIRAFLORES; 412 865
150134;LIMA ;LIMA;SAN LUIS; 55 793
150135;LIMA ;LIMA;SAN MARTÍN DE PORRES; 744 050
150136;LIMA ;LIMA;SAN MIGUEL; 173 309
150137;LIMA ;LIMA;SANTA ANITA; 221 776
150138;LIMA ;LIMA;SANTA MARÍA DEL MAR; 1 142
150139;LIMA ;LIMA;SANTA ROSA; 37 940
150140;LIMA ;LIMA;SANTIAGO DE SURCO; 408 086
150141;LIMA ;LIMA;SURQUILLO; 100 339
150142;LIMA ;LIMA;VILLA EL SALVADOR; 423 887
150143;LIMA ;LIMA;VILLA MARÍA DEL TRIUNFO; 437 992
150902;LIMA ;OYÓN;ANDAJES;  491
150903;LIMA ;OYÓN;CAUJUL;  524
150904;LIMA ;OYÓN;COCHAMARCA; 1 027
150905;LIMA ;OYÓN;NAVAN;  825
150901;LIMA ;OYÓN;OYÓN; 11 903
151002;LIMA ;YAUYOS;ALIS; 1 477
151003;LIMA ;YAUYOS;AYAUCA; 1 070
151004;LIMA ;YAUYOS;AYAVIRI;  518
151005;LIMA ;YAUYOS;AZANGARO;  411
151006;LIMA ;YAUYOS;CACRA;  522
151007;LIMA ;YAUYOS;CARANIA;  153
151008;LIMA ;YAUYOS;CATAHUASI; 1 072
151009;LIMA ;YAUYOS;CHOCOS;  770
151010;LIMA ;YAUYOS;COCHAS;  213
151011;LIMA ;YAUYOS;COLONIA; 1 088
151012;LIMA ;YAUYOS;HONGOS;  319
151013;LIMA ;YAUYOS;HUAMPARA;  137
151014;LIMA ;YAUYOS;HUANCAYA;  521
151015;LIMA ;YAUYOS;HUANGASCAR;  648
151016;LIMA ;YAUYOS;HUANTAN;  943
151017;LIMA ;YAUYOS;HUAÑEC;  441
151018;LIMA ;YAUYOS;LARAOS;  522
151019;LIMA ;YAUYOS;LINCHA;  416
151020;LIMA ;YAUYOS;MADEAN;  536
151021;LIMA ;YAUYOS;MIRAFLORES;  212
151022;LIMA ;YAUYOS;OMAS;  617
151023;LIMA ;YAUYOS;PUTINZA;  517
151024;LIMA ;YAUYOS;QUINCHES;  562
151025;LIMA ;YAUYOS;QUINOCAY;  415
151026;LIMA ;YAUYOS;SAN JOAQUÍN;  156
151027;LIMA ;YAUYOS;SAN PEDRO DE PILAS;  268
151028;LIMA ;YAUYOS;TANTA;  503
151029;LIMA ;YAUYOS;TAURIPAMPA;  490
151030;LIMA ;YAUYOS;TOMAS;  484
151031;LIMA ;YAUYOS;TUPE;  490
151032;LIMA ;YAUYOS;VIÑAC; 1 624
151033;LIMA ;YAUYOS;VITIS;  274
151001;LIMA ;YAUYOS;YAUYOS; 1 276
160202;LORETO;ALTO AMAZONAS;BALSAPUERTO; 17 006
160205;LORETO;ALTO AMAZONAS;JEBEROS; 4 658
160206;LORETO;ALTO AMAZONAS;LAGUNAS; 13 684
160210;LORETO;ALTO AMAZONAS;SANTA CRUZ; 4 273
160211;LORETO;ALTO AMAZONAS;TENIENTE CESAR LOPEZ ROJAS; 6 219
160201;LORETO;ALTO AMAZONAS;YURIMAGUAS; 104 052
160706;LORETO;DATEM DEL MARAÑÓN ;ANDOAS ; 15 800
160701;LORETO;DATEM DEL MARAÑÓN ;BARRANCA; 15 950
160702;LORETO;DATEM DEL MARAÑÓN ;CAHUAPANAS; 7 942
160703;LORETO;DATEM DEL MARAÑÓN ;MANSERICHE; 9 451
160704;LORETO;DATEM DEL MARAÑÓN ;MORONA; 4 557
160705;LORETO;DATEM DEL MARAÑÓN ;PASTAZA; 6 170
160301;LORETO;LORETO;NAUTA; 33 520
160302;LORETO;LORETO;PARINARI  ; 6 276
160303;LORETO;LORETO;TIGRE; 7 568
160304;LORETO;LORETO;TROMPETEROS; 10 789
160305;LORETO;LORETO;URARINAS   ; 13 751
160402;LORETO;MARISCAL RAMON CASTILLA;PEBAS; 12 700
160401;LORETO;MARISCAL RAMON CASTILLA;RAMON CASTILLA; 23 811
160404;LORETO;MARISCAL RAMON CASTILLA;SAN PABLO; 12 680
160403;LORETO;MARISCAL RAMON CASTILLA;YAVARI; 10 041
160102;LORETO;MAYNAS;ALTO NANAY  ; 3 277
160112;LORETO;MAYNAS;BELÉN; 71 005
160103;LORETO;MAYNAS;FERNANDO LORES; 14 284
160104;LORETO;MAYNAS;INDIANA; 11 717
160101;LORETO;MAYNAS;IQUITOS  ; 163 502
160105;LORETO;MAYNAS;LAS AMAZONAS; 8 546
160106;LORETO;MAYNAS;MAZAN; 14 091
160107;LORETO;MAYNAS;NAPO; 17 605
160108;LORETO;MAYNAS;PUNCHANA; 88 908
160113;LORETO;MAYNAS;SAN JUAN BAUTISTA; 152 555
160110;LORETO;MAYNAS;TORRES CAUSANA ; 5 061
160801;LORETO;PUTUMAYO   ;PUTUMAYO    ; 4 384
160802;LORETO;PUTUMAYO   ;ROSA PANDURO ;  615
160803;LORETO;PUTUMAYO   ;TENIENTE MANUEL CLAVERO ; 2 616
160804;LORETO;PUTUMAYO   ;YAGUAS ; 1 559
160502;LORETO;REQUENA;ALTO TAPICHE; 1 631
160503;LORETO;REQUENA;CAPELO; 2 417
160504;LORETO;REQUENA;EMILIO SAN MARTÍN; 6 859
160510;LORETO;REQUENA;JENARO HERRERA; 5 092
160505;LORETO;REQUENA;MAQUIA; 8 669
160506;LORETO;REQUENA;PUINAHUA; 4 617
160501;LORETO;REQUENA;REQUENA; 28 008
160507;LORETO;REQUENA;SAQUENA; 3 256
160508;LORETO;REQUENA;SOPLIN   ;  695
160509;LORETO;REQUENA;TAPICHE;  952
160511;LORETO;REQUENA;YAQUERANA   ; 2 263
160601;LORETO;UCAYALI;CONTAMANA; 28 258
160602;LORETO;UCAYALI;INAHUAYA; 1 739
160603;LORETO;UCAYALI;PADRE MÁRQUEZ; 3 503
160604;LORETO;UCAYALI;PAMPA HERMOSA; 6 200
160605;LORETO;UCAYALI;SARAYACU; 15 234
160606;LORETO;UCAYALI;VARGAS GUERRA; 7 543
170202;MADRE DE DIOS;MANU;FITZCARRALD   ; 1 547
170204;MADRE DE DIOS;MANU;HUEPETUHE; 10 645
170203;MADRE DE DIOS;MANU;MADRE DE DIOS   ; 6 553
170201;MADRE DE DIOS;MANU;MANU   ; 2 373
170302;MADRE DE DIOS;TAHUAMANU;IBERIA; 5 784
170301;MADRE DE DIOS;TAHUAMANU;IÑAPARI; 3 227
170303;MADRE DE DIOS;TAHUAMANU;TAHUAMANU; 3 468
170102;MADRE DE DIOS;TAMBOPATA;INAMBARI   ; 15 132
170104;MADRE DE DIOS;TAMBOPATA;LABERINTO; 6 518
170103;MADRE DE DIOS;TAMBOPATA;LAS PIEDRAS  ; 18 553
170101;MADRE DE DIOS;TAMBOPATA;TAMBOPATA; 100 011
180202;MOQUEGUA;GENERAL SÁNCHEZ CERRO;CHOJATA;  576
180203;MOQUEGUA;GENERAL SÁNCHEZ CERRO;COALAQUE;  965
180204;MOQUEGUA;GENERAL SÁNCHEZ CERRO;ICHUÑA; 3 014
180205;MOQUEGUA;GENERAL SÁNCHEZ CERRO;LA CAPILLA;  547
180206;MOQUEGUA;GENERAL SÁNCHEZ CERRO;LLOQUE;  493
180207;MOQUEGUA;GENERAL SÁNCHEZ CERRO;MATALAQUE;  402
180201;MOQUEGUA;GENERAL SÁNCHEZ CERRO;OMATE; 3 117
180208;MOQUEGUA;GENERAL SÁNCHEZ CERRO;PUQUINA; 2 512
180209;MOQUEGUA;GENERAL SÁNCHEZ CERRO;QUINISTAQUILLAS;  480
180210;MOQUEGUA;GENERAL SÁNCHEZ CERRO;UBINAS; 1 574
180211;MOQUEGUA;GENERAL SÁNCHEZ CERRO;YUNGA;  823
180302;MOQUEGUA;ILO;EL ALGARROBAL; 7 257
180301;MOQUEGUA;ILO;ILO; 70 753
180303;MOQUEGUA;ILO;PACOCHA; 4 676
180102;MOQUEGUA;MARISCAL NIETO;CARUMAS; 2 197
180103;MOQUEGUA;MARISCAL NIETO;CUCHUMBAYA;  723
180101;MOQUEGUA;MARISCAL NIETO;MOQUEGUA; 74 486
180104;MOQUEGUA;MARISCAL NIETO;SAMEGUA; 9 804
180105;MOQUEGUA;MARISCAL NIETO;SAN CRISTÓBAL; 1 588
180106;MOQUEGUA;MARISCAL NIETO;TORATA; 6 753
190202;PASCO;DANIEL ALCIDES CARRIÓN;CHACAYAN; 1 820
190203;PASCO;DANIEL ALCIDES CARRIÓN;GOYLLARISQUIZGA; 1 445
190204;PASCO;DANIEL ALCIDES CARRIÓN;PAUCAR; 1 779
190205;PASCO;DANIEL ALCIDES CARRIÓN;SAN PEDRO DE PILLAO; 1 377
190206;PASCO;DANIEL ALCIDES CARRIÓN;SANTA ANA DE TUSI; 23 986
190207;PASCO;DANIEL ALCIDES CARRIÓN;TAPUC; 2 180
190208;PASCO;DANIEL ALCIDES CARRIÓN;VILCABAMBA; 2 097
190201;PASCO;DANIEL ALCIDES CARRIÓN;YANAHUANCA; 11 495
190302;PASCO;OXAPAMPA;CHONTABAMBA; 6 412
190308;PASCO;OXAPAMPA;CONSTITUCIÓN ; 17 089
190303;PASCO;OXAPAMPA;HUANCABAMBA; 7 028
190301;PASCO;OXAPAMPA;OXAPAMPA; 17 255
190304;PASCO;OXAPAMPA;PALCAZU; 8 076
190305;PASCO;OXAPAMPA;POZUZO; 4 580
190306;PASCO;OXAPAMPA;PUERTO BERMÚDEZ; 21 511
190307;PASCO;OXAPAMPA;VILLA RICA; 18 610
190101;PASCO;PASCO;CHAUPIMARCA; 26 924
190102;PASCO;PASCO;HUACHÓN; 4 601
190103;PASCO;PASCO;HUARIACA; 6 925
190104;PASCO;PASCO;HUAYLLAY; 9 451
190105;PASCO;PASCO;NINACACA; 4 137
190106;PASCO;PASCO;PALLANCHACRA; 1 551
190107;PASCO;PASCO;PAUCARTAMBO; 9 858
190108;PASCO;PASCO;SAN FCO.DE ASIS DE YARUSYACÁN; 3 818
190109;PASCO;PASCO;SIMÓN BOLÍVAR; 12 708
190110;PASCO;PASCO;TICLACAYAN; 2 847
190111;PASCO;PASCO;TINYAHUARCO; 7 278
190112;PASCO;PASCO;VICCO; 3 802
190113;PASCO;PASCO;YANACANCHA; 31 264
200201;PIURA;AYABACA;AYABACA; 32 889
200202;PIURA;AYABACA;FRÍAS; 21 370
200203;PIURA;AYABACA;JILILI; 2 675
200204;PIURA;AYABACA;LAGUNAS; 5 816
200205;PIURA;AYABACA;MONTERO; 6 628
200206;PIURA;AYABACA;PACAIPAMPA; 23 262
200207;PIURA;AYABACA;PAIMAS; 10 382
200208;PIURA;AYABACA;SAPILLICA; 11 065
200209;PIURA;AYABACA;SICCHEZ; 1 642
200210;PIURA;AYABACA;SUYO; 12 008
200302;PIURA;HUANCABAMBA;CANCHAQUE; 7 628
200303;PIURA;HUANCABAMBA;EL CARMEN DE LA FRONTERA; 11 797
200301;PIURA;HUANCABAMBA;HUANCABAMBA; 29 446
200304;PIURA;HUANCABAMBA;HUARMACA; 37 489
200305;PIURA;HUANCABAMBA;LALAQUIZ; 4 181
200306;PIURA;HUANCABAMBA;SAN MIGUEL DE EL FAIQUE; 9 395
200307;PIURA;HUANCABAMBA;SONDOR; 7 425
200308;PIURA;HUANCABAMBA;SONDORILLO; 11 172
200402;PIURA;MORROPON;BUENOS AIRES; 10 211
200403;PIURA;MORROPON;CHALACO; 7 746
200401;PIURA;MORROPON;CHULUCANAS; 89 735
200404;PIURA;MORROPON;LA MATANZA; 15 047
200405;PIURA;MORROPON;MORROPON; 16 052
200406;PIURA;MORROPON;SALITRAL; 9 086
200407;PIURA;MORROPON;SAN JUAN DE BIGOTE; 6 710
200408;PIURA;MORROPON;SANTA CATALINA DE MOSSA; 3 813
200409;PIURA;MORROPON;SANTO DOMINGO; 6 029
200410;PIURA;MORROPON;YAMANGO; 8 764
200502;PIURA;PAITA;AMOTAPE; 2 526
200503;PIURA;PAITA;ARENAL; 1 249
200504;PIURA;PAITA;COLAN; 16 953
200505;PIURA;PAITA;LA HUACA; 14 170
200501;PIURA;PAITA;PAITA; 101 905
200506;PIURA;PAITA;TAMARINDO; 5 330
200507;PIURA;PAITA;VICHAYAL; 6 156
200104;PIURA;PIURA;CASTILLA; 183 759
200105;PIURA;PIURA;CATACAOS; 80 950
200107;PIURA;PIURA;CURA MORI; 20 065
200108;PIURA;PIURA;EL TALLÁN; 5 628
200109;PIURA;PIURA;LA ARENA; 41 286
200110;PIURA;PIURA;LA UNIÓN; 44 355
200111;PIURA;PIURA;LAS LOMAS; 29 241
200101;PIURA;PIURA;PIURA; 177 748
200114;PIURA;PIURA;TAMBO GRANDE; 124 028
200115;PIURA;PIURA;VEINTISÉIS DE OCTUBRE ; 187 787
200802;PIURA;SECHURA;BELLAVISTA DE LA UNIÓN; 5 210
200803;PIURA;SECHURA;BERNAL; 7 674
200804;PIURA;SECHURA;CRISTO NOS VALGA; 4 948
200806;PIURA;SECHURA;RINCONADA LLICUAR; 3 141
200801;PIURA;SECHURA;SECHURA; 50 892
200805;PIURA;SECHURA;VICE; 17 732
200602;PIURA;SULLANA;BELLAVISTA; 38 905
200603;PIURA;SULLANA;IGNACIO ESCUDERO; 21 676
200604;PIURA;SULLANA;LANCONES; 13 286
200605;PIURA;SULLANA;MARCAVELICA; 32 265
200606;PIURA;SULLANA;MIGUEL CHECA; 10 210
200607;PIURA;SULLANA;QUERECOTILLO; 28 130
200608;PIURA;SULLANA;SALITRAL; 7 667
200601;PIURA;SULLANA;SULLANA; 189 351
200702;PIURA;TALARA;EL ALTO; 8 969
200703;PIURA;TALARA;LA BREA; 13 192
200704;PIURA;TALARA;LOBITOS; 1 384
200705;PIURA;TALARA;LOS ÓRGANOS; 11 634
200706;PIURA;TALARA;MÁNCORA; 14 116
200701;PIURA;TALARA;PARIÑAS; 104 973
210202;PUNO;AZÁNGARO;ACHAYA; 2 782
210203;PUNO;AZÁNGARO;ARAPA; 7 130
210204;PUNO;AZÁNGARO;ASILLO; 14 758
210201;PUNO;AZÁNGARO;AZÁNGARO; 31 615
210205;PUNO;AZÁNGARO;CAMINACA  ; 2 980
210206;PUNO;AZÁNGARO;CHUPA; 5 756
210207;PUNO;AZÁNGARO;JOSÉ DOMINGO CHOQUEHUANCA; 4 767
210208;PUNO;AZÁNGARO;MUÑANI; 6 867
210209;PUNO;AZÁNGARO;POTONI; 3 637
210210;PUNO;AZÁNGARO;SAMAN; 9 231
210211;PUNO;AZÁNGARO;SAN ANTÓN; 7 352
210212;PUNO;AZÁNGARO;SAN JOSÉ; 4 923
210213;PUNO;AZÁNGARO;SAN JUAN DE SALINAS; 2 875
210214;PUNO;AZÁNGARO;SANTIAGO DE PUPUJA; 4 509
210215;PUNO;AZÁNGARO;TIRAPATA; 2 967
210302;PUNO;CARABAYA;AJOYANI; 2 477
210303;PUNO;CARABAYA;AYAPATA; 9 627
210304;PUNO;CARABAYA;COASA; 5 932
210305;PUNO;CARABAYA;CORANI; 4 735
210306;PUNO;CARABAYA;CRUCERO; 10 095
210307;PUNO;CARABAYA;ITUATA  ; 8 569
210301;PUNO;CARABAYA;MACUSANI; 14 173
210308;PUNO;CARABAYA;OLLACHEA; 6 544
210309;PUNO;CARABAYA;SAN GABÁN; 8 135
210310;PUNO;CARABAYA;USICAYOS; 8 586
210402;PUNO;CHUCUITO;DESAGUADERO; 13 132
210403;PUNO;CHUCUITO;HUACULLANI; 8 634
210401;PUNO;CHUCUITO;JULI; 20 420
210404;PUNO;CHUCUITO;KELLUYO; 6 411
210405;PUNO;CHUCUITO;PISACOMA; 8 114
210406;PUNO;CHUCUITO;POMATA; 13 999
210407;PUNO;CHUCUITO;ZEPITA; 17 402
210502;PUNO;EL COLLAO;CAPAZO; 1 107
210505;PUNO;EL COLLAO;CONDURIRI; 2 419
210501;PUNO;EL COLLAO;ILAVE; 48 729
210503;PUNO;EL COLLAO;PILCUYO; 10 812
210504;PUNO;EL COLLAO;SANTA ROSA; 3 220
210602;PUNO;HUANCANÉ;COJATA; 4 007
210601;PUNO;HUANCANÉ;HUANCANÉ; 19 050
210603;PUNO;HUANCANÉ;HUATASANI; 3 140
210604;PUNO;HUANCANÉ;INCHUPALLA; 2 598
210605;PUNO;HUANCANÉ;PUSI ; 5 097
210606;PUNO;HUANCANÉ;ROSASPATA; 4 039
210607;PUNO;HUANCANÉ;TARACO; 13 536
210608;PUNO;HUANCANÉ;VILQUE CHICO; 7 490
210702;PUNO;LAMPA;CABANILLA; 5 955
210703;PUNO;LAMPA;CALAPUJA; 1 755
210701;PUNO;LAMPA;LAMPA; 11 783
210704;PUNO;LAMPA;NICASIO; 2 419
210705;PUNO;LAMPA;OCUVIRI; 2 376
210706;PUNO;LAMPA;PALCA; 1 725
210707;PUNO;LAMPA;PARATIA; 2 510
210708;PUNO;LAMPA;PUCARÁ; 5 442
210709;PUNO;LAMPA;SANTA LUCIA; 7 445
210710;PUNO;LAMPA;VILAVILA; 1 139
210802;PUNO;MELGAR;ANTAUTA; 5 770
210801;PUNO;MELGAR;AYAVIRI; 25 921
210803;PUNO;MELGAR;CUPI; 2 031
210804;PUNO;MELGAR;LLALLI; 2 513
210805;PUNO;MELGAR;MACARI; 7 268
210806;PUNO;MELGAR;NUÑOA; 8 374
210807;PUNO;MELGAR;ORURILLO; 7 579
210808;PUNO;MELGAR;SANTA ROSA; 6 353
210809;PUNO;MELGAR;UMACHIRI; 3 884
210902;PUNO;MOHO;CONIMA; 3 263
210903;PUNO;MOHO;HUAYRAPATA; 2 488
210901;PUNO;MOHO;MOHO; 10 927
210904;PUNO;MOHO;TILALI; 2 512
210102;PUNO;PUNO;ACORA; 23 439
210103;PUNO;PUNO;AMANTANI; 3 430
210104;PUNO;PUNO;ATUNCOLLA; 4 739
210105;PUNO;PUNO;CAPACHICA; 7 167
210106;PUNO;PUNO;CHUCUITO; 7 380
210107;PUNO;PUNO;COATA; 6 898
210108;PUNO;PUNO;HUATA; 2 904
210109;PUNO;PUNO;MAÑAZO; 5 345
210110;PUNO;PUNO;PAUCARCOLLA; 4 368
210111;PUNO;PUNO;PICHACANI; 6 026
210112;PUNO;PUNO;PLATERÍA; 7 346
210101;PUNO;PUNO;PUNO; 143 867
210113;PUNO;PUNO;SAN ANTONIO; 2 697
210114;PUNO;PUNO;TIQUILLACA; 1 620
210115;PUNO;PUNO;VILQUE; 2 993
211002;PUNO;SAN ANTONIO DE PUTINA;ANANEA; 11 551
211003;PUNO;SAN ANTONIO DE PUTINA;PEDRO VILCA APAZA; 1 916
211001;PUNO;SAN ANTONIO DE PUTINA;PUTINA; 13 882
211004;PUNO;SAN ANTONIO DE PUTINA;QUILCAPUNCU; 5 541
211005;PUNO;SAN ANTONIO DE PUTINA;SINA; 1 844
211102;PUNO;SAN ROMÁN;CABANA; 5 495
211103;PUNO;SAN ROMÁN;CABANILLAS; 4 546
211104;PUNO;SAN ROMÁN;CARACOTO  ; 7 479
211101;PUNO;SAN ROMÁN;JULIACA   ; 252 671
211105;PUNO;SAN ROMÁN;SAN MIGUEL   ; 73 839
211209;PUNO;SANDIA;ALTO INAMBARI; 7 480
211202;PUNO;SANDIA;CUYOCUYO; 5 633
211203;PUNO;SANDIA;LIMBANI; 3 269
211204;PUNO;SANDIA;PATAMBUCO; 4 212
211205;PUNO;SANDIA;PHARA; 6 145
211206;PUNO;SANDIA;QUIACA; 2 308
211207;PUNO;SANDIA;SAN JUAN DEL ORO; 3 235
211210;PUNO;SANDIA;SAN PEDRO DE PUTINA PUNCU; 10 233
211201;PUNO;SANDIA;SANDIA; 11 446
211208;PUNO;SANDIA;YANAHUAYA; 2 127
211302;PUNO;YUNGUYO;ANAPIA; 1 743
211303;PUNO;YUNGUYO;COPANI; 4 930
211304;PUNO;YUNGUYO;CUTURAPI; 1 344
211305;PUNO;YUNGUYO;OLLARAYA; 2 579
211306;PUNO;YUNGUYO;TINICACHI;  876
211307;PUNO;YUNGUYO;UNICACHI;  849
211301;PUNO;YUNGUYO;YUNGUYO; 24 795
220202;SAN MARTÍN;BELLAVISTA;ALTO BIAVO; 9 595
220203;SAN MARTÍN;BELLAVISTA;BAJO BIAVO; 15 041
220201;SAN MARTÍN;BELLAVISTA;BELLAVISTA; 18 627
220204;SAN MARTÍN;BELLAVISTA;HUALLAGA; 2 735
220205;SAN MARTÍN;BELLAVISTA;SAN PABLO; 8 638
220206;SAN MARTÍN;BELLAVISTA;SAN RAFAEL; 6 257
220302;SAN MARTÍN;EL DORADO;AGUA BLANCA; 2 359
220301;SAN MARTÍN;EL DORADO;SAN JOSÉ DE SISA; 16 998
220303;SAN MARTÍN;EL DORADO;SAN MARTÍN; 13 096
220304;SAN MARTÍN;EL DORADO;SANTA ROSA; 7 305
220305;SAN MARTÍN;EL DORADO;SHATOJA; 3 225
220402;SAN MARTÍN;HUALLAGA;ALTO SAPOSOA; 5 374
220403;SAN MARTÍN;HUALLAGA;EL ESLABÓN; 1 992
220404;SAN MARTÍN;HUALLAGA;PISCOYACU; 4 716
220405;SAN MARTÍN;HUALLAGA;SACANCHE; 2 395
220401;SAN MARTÍN;HUALLAGA;SAPOSOA; 14 798
220406;SAN MARTÍN;HUALLAGA;TINGO DE SAPOSOA;  822
220502;SAN MARTÍN;LAMAS;ALONSO DE ALVARADO; 14 486
220503;SAN MARTÍN;LAMAS;BARRANQUITA; 7 435
220504;SAN MARTÍN;LAMAS;CAYNARACHI   ; 11 081
220505;SAN MARTÍN;LAMAS;CUÑUMBUQUI; 3 100
220501;SAN MARTÍN;LAMAS;LAMAS; 15 474
220506;SAN MARTÍN;LAMAS;PINTO RECODO; 9 134
220507;SAN MARTÍN;LAMAS;RUMISAPA; 3 842
220508;SAN MARTÍN;LAMAS;SAN ROQUE DE CUMBAZA; 1 715
220509;SAN MARTÍN;LAMAS;SHANAO; 1 920
220510;SAN MARTÍN;LAMAS;TABALOSOS; 14 593
220511;SAN MARTÍN;LAMAS;ZAPATERO; 5 857
220602;SAN MARTÍN;MARISCAL CÁCERES;CAMPANILLA; 17 190
220603;SAN MARTÍN;MARISCAL CÁCERES;HUICUNGO; 9 409
220601;SAN MARTÍN;MARISCAL CÁCERES;JUANJUI; 34 024
220604;SAN MARTÍN;MARISCAL CÁCERES;PACHIZA; 6 752
220605;SAN MARTÍN;MARISCAL CÁCERES;PAJARILLO; 5 818
220102;SAN MARTÍN;MOYOBAMBA;CALZADA; 4 792
220103;SAN MARTÍN;MOYOBAMBA;HABANA; 1 677
220104;SAN MARTÍN;MOYOBAMBA;JEPELACIO; 15 972
220101;SAN MARTÍN;MOYOBAMBA;MOYOBAMBA; 85 365
220105;SAN MARTÍN;MOYOBAMBA;SORITOR; 22 909
220106;SAN MARTÍN;MOYOBAMBA;YANTALO; 2 916
220702;SAN MARTÍN;PICOTA;BUENOS AIRES; 3 019
220703;SAN MARTÍN;PICOTA;CASPISAPA; 2 186
220701;SAN MARTÍN;PICOTA;PICOTA; 11 450
220704;SAN MARTÍN;PICOTA;PILLUANA;  881
220705;SAN MARTÍN;PICOTA;PUCACACA; 3 019
220706;SAN MARTÍN;PICOTA;SAN CRISTÓBAL; 1 199
220707;SAN MARTÍN;PICOTA;SAN HILARIÓN; 3 823
220708;SAN MARTÍN;PICOTA;SHAMBOYACU; 10 440
220709;SAN MARTÍN;PICOTA;TINGO DE PONASA; 3 888
220710;SAN MARTÍN;PICOTA;TRES UNIDOS; 4 134
220802;SAN MARTÍN;RIOJA;AWAJUN; 7 955
220803;SAN MARTÍN;RIOJA;ELIAS SOPLIN VARGAS; 20 862
220804;SAN MARTÍN;RIOJA;NUEVA CAJAMARCA; 46 862
220805;SAN MARTÍN;RIOJA;PARDO MIGUEL; 17 183
220806;SAN MARTÍN;RIOJA;POSIC; 2 094
220801;SAN MARTÍN;RIOJA;RIOJA; 26 660
220807;SAN MARTÍN;RIOJA;SAN FERNANDO; 3 678
220808;SAN MARTÍN;RIOJA;YORONGOS; 2 573
220809;SAN MARTÍN;RIOJA;YURACYACU; 3 784
220902;SAN MARTÍN;SAN MARTÍN;ALBERTO LEVEAU;  915
220903;SAN MARTÍN;SAN MARTÍN;CACATACHI; 3 778
220904;SAN MARTÍN;SAN MARTÍN;CHAZUTA; 10 580
220905;SAN MARTÍN;SAN MARTÍN;CHIPURANA; 2 407
220906;SAN MARTÍN;SAN MARTÍN;EL PORVENIR; 2 551
220907;SAN MARTÍN;SAN MARTÍN;HUIMBAYOC; 5 542
220908;SAN MARTÍN;SAN MARTÍN;JUAN GUERRA; 4 147
220909;SAN MARTÍN;SAN MARTÍN;LA BANDA DE SHILCAYO; 49 359
220910;SAN MARTÍN;SAN MARTÍN;MORALES; 43 287
220911;SAN MARTÍN;SAN MARTÍN;PAPAPLAYA; 2 028
220912;SAN MARTÍN;SAN MARTÍN;SAN ANTONIO; 1 734
220913;SAN MARTÍN;SAN MARTÍN;SAUCE; 6 810
220914;SAN MARTÍN;SAN MARTÍN;SHAPAJA; 2 036
220901;SAN MARTÍN;SAN MARTÍN;TARAPOTO; 82 900
221002;SAN MARTÍN;TOCACHE;NUEVO PROGRESO; 12 525
221003;SAN MARTÍN;TOCACHE;PÓLVORA; 11 095
221004;SAN MARTÍN;TOCACHE;SHUNTE; 1 374
221001;SAN MARTÍN;TOCACHE;TOCACHE; 30 496
221005;SAN MARTÍN;TOCACHE;UCHIZA; 20 960
230202;TACNA;CANDARAVE;CAIRANI;  970
230203;TACNA;CANDARAVE;CAMILACA; 1 120
230201;TACNA;CANDARAVE;CANDARAVE; 2 359
230204;TACNA;CANDARAVE;CURIBAYA;  479
230205;TACNA;CANDARAVE;HUANUARA;  480
230206;TACNA;CANDARAVE;QUILAHUANI;  685
230302;TACNA;JORGE BASADRE;ILABAYA; 6 663
230303;TACNA;JORGE BASADRE;ITE; 3 217
230301;TACNA;JORGE BASADRE;LOCUMBA; 2 669
230102;TACNA;TACNA;ALTO DE LA ALIANZA; 35 258
230103;TACNA;TACNA;CALANA; 3 424
230104;TACNA;TACNA;CIUDAD NUEVA; 32 834
230110;TACNA;TACNA;CRNEL.GREGORIO ALBARRACÍN LANCHIPA; 133 338
230105;TACNA;TACNA;INCLÁN; 2 688
230111;TACNA;TACNA;LA YARADA LOS PALOS  ; 6 726
230106;TACNA;TACNA;PACHIA; 2 277
230107;TACNA;TACNA;PALCA; 2 232
230108;TACNA;TACNA;POCOLLAY; 19 415
230109;TACNA;TACNA;SAMA; 3 686
230101;TACNA;TACNA;TACNA   ; 104 314
230403;TACNA;TARATA;ESTIQUE;  219
230404;TACNA;TARATA;ESTIQUE-PAMPA;  325
230402;TACNA;TARATA;HÉROES ALBARRACÍN;  295
230405;TACNA;TARATA;SITAJARA;  334
230406;TACNA;TARATA;SUSAPAYA;  488
230401;TACNA;TARATA;TARATA; 3 585
230407;TACNA;TARATA;TARUCACHI;  312
230408;TACNA;TARATA;TICACO;  582
240203;TUMBES;CONTRALMIRANTE VILLAR;CANOAS DE PUNTA SAL ; 7 620
240202;TUMBES;CONTRALMIRANTE VILLAR;CASITAS; 2 700
240201;TUMBES;CONTRALMIRANTE VILLAR;ZORRITOS; 13 807
240102;TUMBES;TUMBES;CORRALES; 25 679
240103;TUMBES;TUMBES;LA CRUZ; 10 679
240104;TUMBES;TUMBES;PAMPAS DE HOSPITAL; 7 578
240105;TUMBES;TUMBES;SAN JACINTO; 9 035
240106;TUMBES;TUMBES;SAN JUAN DE LA VIRGEN; 4 927
240101;TUMBES;TUMBES;TUMBES; 113 458
240302;TUMBES;ZARUMILLA;AGUAS VERDES; 19 195
240303;TUMBES;ZARUMILLA;MATAPALO; 4 320
240304;TUMBES;ZARUMILLA;PAPAYAL; 7 133
240301;TUMBES;ZARUMILLA;ZARUMILLA; 25 390
250201;UCAYALI;ATALAYA;RAYMONDI; 39 732
250202;UCAYALI;ATALAYA;SEPAHUA; 8 264
250203;UCAYALI;ATALAYA;TAHUANIA; 10 618
250204;UCAYALI;ATALAYA;YURUA; 2 435
250101;UCAYALI;CORONEL PORTILLO;CALLERÍA; 172 052
250102;UCAYALI;CORONEL PORTILLO;CAMPOVERDE; 19 598
250103;UCAYALI;CORONEL PORTILLO;IPARIA; 12 350
250107;UCAYALI;CORONEL PORTILLO;MANANTAY; 107 364
250104;UCAYALI;CORONEL PORTILLO;MASISEA; 11 961
250106;UCAYALI;CORONEL PORTILLO;NUEVA REQUENA; 5 742
250105;UCAYALI;CORONEL PORTILLO;YARINACOCHA; 118 666
250305;UCAYALI;PADRE ABAD;ALEXANDER VON HUMBOLDT  ; 6 159
250303;UCAYALI;PADRE ABAD;CURIMANÁ; 10 219
250302;UCAYALI;PADRE ABAD;IRAZOLA  ; 12 065
250304;UCAYALI;PADRE ABAD;NESHUYA   ; 10 501
250301;UCAYALI;PADRE ABAD;PADRE ABAD; 38 100
250401;UCAYALI;PURÚS;PURÚS; 3 284
;;;;
;;;;
;;;;
;;;;
;;;;
;;;;
;;;;
;;;;
;;;;
;;;;
;;;;
;;;;
;;;;
;;;;
;;;;
;;;;
;;;;
;;;;
;;;;
;;;;
;;;;
;;;;
;;;;
;;;;
;;;;
;;;;
;;;;
;;;;
;;;;
;;;;
;;;;
;;;;
;;;;
;;;;
;;;;
;;;;
;;;;
;;;;
;;;;
;;;;
;;;;
;;;;
